livro	capitulo	versiculo	linha_txt	titulo_ara	referencias
1CH	1	1	127336	Descendentes de Adão	Gênesis 5.1-32
1CH	1	5	127358	Descendentes dos filhos de Noé	Gênesis 10.1-32
1CH	1	24	127505	Descendentes de Sem	Gênesis 11.10-32
1CH	1	28	127527	Descendentes de Ismael	Gênesis 25.12-18
1CH	1	32	127553	Descendentes de Abraão e Quetura	Gênesis 25.1-4
1CH	1	35	127585	Descendentes de Esaú	Gênesis 36.1-19
1CH	1	38	127609	Descendentes de Seir	Gênesis 36.20-30
1CH	1	43	127676	Reis e príncipes de Edom	Gênesis 36.31-43
1CH	2	1	127772	Descendentes de Jacó	Gênesis 35.23-26
1CH	2	3	127788	Descendentes de Judá	
1CH	3	2	128233	Filhos de Davi	
1CH	3	10	128324	Descendentes de Salomão	
1CH	4	1	128475	Descendentes de Judá	
1CH	4	24	128692	Descendentes de Simeão	
1CH	5	1	128875	Descendentes de Rúben	
1CH	5	11	129012	Descendentes de Gade	
1CH	6	1	129201	Descendentes de Levi	
1CH	6	31	129445	Cantores levitas	
1CH	6	49	129594	Descendentes de Arão	
1CH	6	54	129636	As cidades dos levitas	Josué 21.1-42
1CH	7	1	129968	Descendentes de Issacar	
1CH	7	6	130014	Descendentes de Benjamim	
1CH	7	14	130119	Descendentes de Manassés	
1CH	7	20	130167	Descendentes de Efraim	
1CH	7	30	130286	Descendentes de Aser	
1CH	8	1	130354	Descendentes de Benjamim	
1CH	10	1	131141	A derrota de Israel e a morte de Saul	
1CH	10	1	131240	A sepultura de Saul	
1CH	11	2	131320	Davi é ungido rei	
1CH	11	2	131354	Davi conquista a Sião	
1CH	11	2	131451	Os valentes de Davi	
1CH	12	1	131805	O exército de Davi	
1CH	12	23	132034	O exército que proclamou a Davi rei em Hebrom	
1CH	13	1	132276	Davi dispõe-se a trazer a arca para Jerusalém	
1CH	13	2	132316	Davi procura trazer a arca	
1CH	14	2	132449	O reinado de Davi reconhecido por Hirão	
1CH	14	2	132503	Davi derrota os filisteus	
1CH	15	1	132648	Os levitas designados para levarem a arca	
1CH	15	25	132938	A arca é levada para Jerusalém	
1CH	15	2	132994	Mical despreza a Davi	
1CH	16	1	133014	Oferta de sacrifícios	
1CH	16	7	133070	Salmo de Davi em ações de graças	
1CH	16	7	133072	Salmos 96;  105;  106	
1CH	16	37	133330	Outros dispositivos para o culto	
1CH	17	2	133449	A aliança do Senhor com Davi	
1CH	17	2	133624	Ações de graças de Davi	
1CH	18	2	133789	Diversas vitórias de Davi	
1CH	18	2	133950	Oficiais de Davi	
1CH	19	2	133986	Davi derrota os amonitas e os siros	
1CH	20	2	134262	Davi conquista a Rabá	
1CH	20	2	134300	Gigantes mortos pelos homens de Davi	
1CH	21	2	134350	O levantamento do censo	
1CH	21	2	134449	Davi escolhe o castigo	
1CH	21	28	134716	O lugar do templo	
1CH	22	6	134845	Ordens de Davi a Salomão	
1CH	23	1	135058	Os turnos e funções dos levitas	
1CH	24	1	135439	Os turnos dos sacerdotes	
1CH	25	1	135730	Função dos cantores	
1CH	26	1	136046	Os porteiros	
1CH	26	20	136262	Os guardas dos tesouros	
1CH	26	29	136340	Os oficiais e os juízes	
1CH	27	1	136423	Os turnos de serviço para cada mês	
1CH	27	16	136592	Os chefes das tribos	
1CH	27	25	136658	Os administradores das possessões de Davi	
1CH	27	32	136755	Os conselheiros do rei	
1CH	28	1	136785	Davi apresenta a Salomão como seu sucessor	
1CH	29	1	137101	As ofertas de Davi e dos príncipes	
1CH	29	10	137256	Oração de Davi	
1CH	29	23	137449	Salomão proclamado rei	
1CH	29	26	137489	A morte de Davi	
1CO	1	1	338858	Prefácio e saudação	
1CO	1	4	338884	Ação de graças	
1CO	1	10	338936	Exortação à unidade	
1CO	1	18	339047	A mensagem da cruz	
1CO	1	26	339123	A vocação dos santos	
1CO	1	30	339202	Valores de Cristo	
1CO	2	1	339224	O caráter da pregação de Paulo	
1CO	2	6	339262	A verdadeira sabedoria. O ensino do Espírito Santo	
1CO	3	1	339409	As dissensões demonstram a falta de espiritualidade	
1CO	3	18	339594	A sabedoria humana sem valor	
1CO	4	1	339646	Os pregadores responsáveis a Deus	
1CO	4	6	339727	Uma reprovação severa	
1CO	4	14	339833	Paulo os admoesta como pai	
1CO	6	12	340232	A sensualidade é condenada	
1CO	7	1	340345	Respostas a perguntas acerca do casamento	
1CO	7	10	340419	A estabilidade da família	
1CO	8	1	340771	Acerca das coisas sacrificadas aos ídolos	
1CO	9	1	340922	A liberdade e os direitos do apóstolo Paulo	
1CO	10	1	341226	Exemplos da história de Israel	
1CO	10	14	341363	O cristão deve fugir da idolatria	
1CO	10	23	341468	Os limites da liberdade cristã	
1CO	11	2	341550	O véu e seu uso na igreja de Corinto	
1CO	12	1	341874	Acerca de dons espirituais	
1CO	12	12	341997	A unidade orgânica da igreja	
1CO	14	1	342373	O dom de profecia é superior ao de línguas	
1CO	14	26	342689	A necessidade de ordem no culto	
1CO	15	35	343204	Os ressuscitados terão corpo	
1CO	15	50	343359	Os vivos serão transformados	
1CO	16	5	343512	Os projetos de Paulo	
1CO	16	10	343546	Acerca de Timóteo e Apolo	
1CO	16	13	343609	As exortações finais	
1CO	16	15	343623	Estéfanas, Fortunato e Acaico	
1CO	16	19	343655	Saudações e a bênção	
1JN	2	12	365274	A vitória sobre o Maligno	
1JN	2	15	365304	Não se deve amar o mundo	
1JN	2	18	365363	Os anticristos	
1JN	2	27	365451	A unção do Espírito Santo	
1JN	3	11	365634	O amor aos irmãos e o ódio ao mundo	
1JN	4	1	365783	Os falsos profetas e os verdadeiros crentes	
1JN	4	7	365884	Deus é amor	
1JN	5	1	366025	A fé que vence o mundo	
1JN	5	6	366067	O tríplice testemunho sobre Cristo	
1JN	5	13	366127	O poder da intercessão	
1KI	1	1	106526	A velhice de Davi	
1KI	1	5	106570	Adonias usurpa o trono	
1KI	1	32	106886	Salomão é constituído rei	
1KI	1	50	107109	Adonias pede indulto	
1KI	2	1	107149	Davi dá instruções a Salomão e morre	
1KI	2	13	107306	Morte de Adonias	
1KI	2	26	107449	Expulso o sacerdote Abiatar	
1KI	2	28	107512	Morte de Joabe	
1KI	2	36	107604	Morte de Simei	
1KI	3	1	107753	Salomão casa com a filha de Faraó	
1KI	3	2	107773	Salomão pede a Deus sabedoria	
1KI	3	16	107958	Salomão julga a causa de duas mulheres	
1KI	4	1	108131	Os oficiais de Salomão	
1KI	4	20	108292	A prosperidade do reino de Salomão	
1KI	4	29	108415	A sabedoria de Salomão	
1KI	5	2	108508	Salomão faz aliança com Hirão	
1KI	6	2	108755	Salomão edifica o templo	
1KI	6	14	108934	O Santo dos Santos	
1KI	6	2	109055	Os dois querubins	
1KI	7	1	109232	Salomão edifica palácios reais	
1KI	7	2	109419	As duas colunas do templo	
1KI	7	2	109507	O mar de fundição	
1KI	7	2	109584	Outros utensílios para o templo	
1KI	8	2	109940	Salomão traz para o templo a arca	
1KI	8	2	110103	Salomão fala ao povo	
1KI	8	2	110213	Salomão ora a Deus	
1KI	8	54	110666	Salomão abençoa ao povo	
1KI	8	2	110797	A conclusão da solenidade	
1KI	9	2	110863	A aliança do Senhor com Salomão	
1KI	9	2	111000	As demais atividades de Salomão	
1KI	10	2	111223	A rainha de Sabá visita a Salomão	
1KI	10	2	111388	As riquezas de Salomão	
1KI	11	1	111616	A idolatria de Salomão	
1KI	11	9	111706	A ira de Deus contra Salomão	
1KI	11	14	111785	Deus suscita adversários contra Salomão	
1KI	11	2	112137	A morte de Salomão	
1KI	12	2	112173	Roboão causa separação entre as tribos	
1KI	12	2	112368	Dez tribos seguem Jeroboão	
1KI	12	25	112521	A idolatria de Jeroboão	
1KI	13	1	112634	Um profeta prediz contra o altar	
1KI	14	1	113044	A profecia de Aías contra Jeroboão	
1KI	14	2	113314	O reinado de Roboão, de Judá	
1KI	15	2	113449	O reinado de Abias, de Judá	
1KI	15	2	113529	O reinado de Asa, de Judá	
1KI	15	25	113726	O mau reinado de Nadabe, de Israel	
1KI	15	33	113821	O reinado de Baasa, de Israel	
1KI	16	1	113843	A profecia de Jeú contra Baasa	
1KI	16	8	113948	O reinado de Elá, de Israel, e a conspiração de Zinri	
1KI	16	15	114010	O reinado de Zinri, de Israel	
1KI	16	21	114099	O reinado de Onri, de Israel	
1KI	16	29	114175	Jezabel	
1KI	17	1	114288	Elias prediz grande seca. Corvos o sustentam	
1KI	17	8	114344	Elias e a viúva de Sarepta	
1KI	18	1	114533	Elias apresenta-se diante de Acabe	
1KI	18	41	115038	Elias ora para que chova	
1KI	19	1	115127	Elias no monte Horebe	
1KI	19	19	115346	A vocação de Eliseu	
1KI	20	1	115415	Acabe derrota os siros	
1KI	21	1	116014	Nabote recusa vender a sua vinha a Acabe	
1KI	21	8	116129	Jezabel ordena a morte de Nabote	
1KI	21	17	116256	Elias ameaça a Acabe e Jezabel	
1KI	22	2	116435	Aliança entre Josafá, de Judá, e Acabe	
1KI	22	2	116477	As profecias dos falsos profetas	
1KI	22	2	116575	A profecia de Micaías	
1KI	22	2	116827	A morte de Acabe	
1KI	22	2	116986	O reinado e a morte de Josafá	
1KI	22	52	117094	O reinado de Acazias, de Israel	
1PE	1	1	362831	Prefácio e saudação	
1PE	1	3	362853	Ação de graças	
1PE	1	13	363006	A santidade na vida	
1PE	1	22	363094	A santidade no amor	
1PE	3	1	363454	A vida exemplar cristã: deveres dos casados	
1PE	3	8	363567	A vida exemplar cristã: o amor fraternal	
1PE	4	1	363764	A morte para o pecado e a pureza de vida	
1PE	4	12	363901	O sofrermos por Cristo é privilégio glorioso	
1PE	5	1	364016	Os deveres do ministério	
1SA	1	1	86791	Elcana e suas mulheres	
1SA	1	9	86875	A oração e o voto de Ana	
1SA	2	1	87125	O cântico de Ana	
1SA	2	12	87231	Os crimes dos filhos de Eli	
1SA	2	18	87330	A mocidade de Samuel	
1SA	2	22	87372	Eli repreende os seus filhos	
1SA	2	27	87457	Profecia contra a casa de Eli	
1SA	3	1	87604	Deus fala com Samuel numa visão	
1SA	3	15	87755	Samuel conta a visão a Eli	
1SA	4	1	87813	Os filisteus vencem os israelitas	
1SA	4	12	87988	A morte de Eli	
1SA	5	1	88127	A arca na casa de Dagom	
1SA	6	1	88292	Os filisteus enviam a arca para fora da sua terra	
1SA	6	10	88469	A arca chega a Bete-Semes	
1SA	6	19	88608	A arca chega a Quiriate-Jearim	
1SA	7	2	88660	Exortação de Samuel ao arrependimento	
1SA	7	5	88700	Os filisteus são vencidos	
1SA	8	1	88865	Os israelitas pedem um rei	
1SA	9	1	89129	Samuel	
1SA	10	1	89525	Samuel unge a Saul rei de Israel	
1SA	10	9	89648	Saul entre os profetas	
1SA	10	17	89726	Saul escolhido rei	
1SA	11	1	89877	Saul vence os amonitas	
1SA	11	12	90030	Saul proclamado rei	
1SA	12	1	90099	Samuel resigna o seu cargo	
1SA	13	1	90429	Guerra entre os israelitas e os filisteus	
1SA	14	24	91022	O voto de Saul	
1SA	14	36	91185	Jônatas salvo pelo povo	
1SA	15	1	91412	A desobediência de Saul e a sua rejeição	
1SA	15	32	91821	Samuel mata a Agague	
1SA	16	1	91867	Samuel enviado a Jessé	
1SA	16	14	92034	Davi tange sua harpa perante Saul	
1SA	17	1	92173	O desafio de Golias	
1SA	17	12	92298	Davi enviado a seus irmãos	
1SA	18	1	92875	A amizade de Jônatas para com Davi	
1SA	18	20	93117	Mical ama a Davi e casa com ele	
1SA	19	1	93225	Jônatas intercede por Davi	
1SA	20	1	93533	A amizade entre Davi e Jônatas	
1SA	20	12	93688	Jônatas faz aliança com Davi	
1SA	20	30	93934	Saul irado contra Jônatas	
1SA	20	35	93994	Jônatas despede-se de Davi	
1SA	21	1	94113	Davi vai ter com o sacerdote Aimeleque	
1SA	21	10	94239	Davi foge para Aquis, rei de Gate	
1SA	22	1	94336	Davi esconde-se em Adulão e em Moabe	
1SA	22	6	94392	Saul mata todos os sacerdotes de Nobe	
1SA	22	20	94595	Abiatar refugia-se com Davi	
1SA	23	1	94666	Davi livra a Queila	
1SA	23	15	94833	Davi e Jônatas renovam a aliança	
1SA	23	19	94871	A traição dos zifeus	
1SA	24	1	95012	Davi poupa a vida de Saul	
1SA	25	1	95284	A morte de Samuel	
1SA	25	2	95298	Davi e Nabal	
1SA	25	18	95525	Abigail apazigua a Davi	
1SA	25	36	95776	A morte de Nabal	
1SA	25	39	95847	Davi casa com Abigail	
1SA	26	1	95919	Davi, outra vez, poupa a vida de Saul	
1SA	27	1	96255	Davi, outra vez, com Aquis, rei de Gate	
1SA	28	1	96430	Saul consulta a médium de En-Dor	
1SA	29	1	96768	Os filisteus desconfiam de Davi	
1SA	30	1	96935	Ziclague é saqueada pelos amalequitas	
1SA	30	7	97038	Davi livra os cativos	
1SA	31	1	97364	A derrota de Israel e a morte de Saul	
1SA	31	1	97462	A sepultura de Saul	
1TH	1	1	352866	Prefácio e saudação	
1TH	1	2	352880	Ação de graças	
1TH	2	17	353240	O interesse de Paulo pelos tessalonicenses	
1TH	4	1	353435	Exortação à prática da santidade	
1TH	4	13	353576	A situação dos mortos em Cristo e a vinda do Senhor	
1TH	5	4	353707	A necessidade de vigilância	
1TH	5	12	353763	Diversos preceitos	
1TH	5	23	353866	O voto do apóstolo	
1TH	5	25	353884	A saudação final e a bênção	
1TI	1	1	354559	Prefácio e saudação	
1TI	1	8	354627	A lei e os seus objetivos	
1TI	1	18	354754	O bom combate	
1TI	2	1	354794	Mediador	
1TI	3	1	354935	As qualificações dos bispos e dos diáconos	
1TI	4	1	355118	A apostasia nos últimos tempos	
1TI	5	3	355311	Das viúvas	
1TI	6	1	355615	Dos senhores e dos servos	
1TI	6	3	355655	Os falsos mestres e os perigos da riqueza	
1TI	6	11	355756	Apelo para Timóteo	
1TI	6	17	355804	Acerca dos ricos	
2CH	1	1	137582	Salomão oferece sacrifícios em Gibeão	
2CH	1	1	137632	Salomão pede a Deus sabedoria	
2CH	1	1	137769	As riquezas de Salomão	
2CH	2	1	137837	Salomão faz aliança com Hirão	
2CH	3	1	138141	Salomão edifica o templo	
2CH	3	1	138237	Os dois querubins	
2CH	3	1	138328	As duas colunas	
2CH	4	1	138364	O mar de fundição	
2CH	4	1	138449	Outros utensílios para o templo	
2CH	5	1	138660	Salomão traz para o templo a arca	
2CH	6	1	138857	Salomão fala ao povo	
2CH	6	1	139000	Salomão ora a Deus	
2CH	7	1	139434	A glória de Deus enche o templo	
2CH	7	1	139499	A conclusão da solenidade	
2CH	7	1	139589	A aliança do Senhor com Salomão	
2CH	8	1	139754	As demais atividades de Salomão	
2CH	9	1	140020	A rainha de Sabá visita a Salomão	
2CH	9	1	140193	As riquezas de Salomão	
2CH	9	1	140372	A morte de Salomão	
2CH	10	1	140420	Roboão causa separação entre as tribos	
2CH	10	1	140599	Dez tribos seguem Jeroboão	
2CH	11	5	140722	As cidades fortificadas de Roboão	
2CH	11	18	140861	A família de Roboão	
2CH	12	1	140917	A invasão de Sisaque	
2CH	12	1	141062	O reinado de Roboão	
2CH	13	1	141153	O reinado de Abias	
2CH	14	1	141420	O reinado de Asa	
2CH	14	9	141559	Asa vence a Zerá, o etíope	
2CH	15	1	141660	As reformas religiosas de Asa	
2CH	16	1	141879	Asa faz aliança com o rei da Síria	
2CH	16	7	141978	Asa repreendido por Hanani	
2CH	16	1	142044	A morte de Asa	
2CH	17	1	142090	Estabelecido o reinado de Josafá	
2CH	18	1	142322	Aliança entre Josafá e Acabe	
2CH	18	1	142358	As promessas dos falsos profetas	
2CH	18	1	142485	A profecia de Micaías	
2CH	18	1	142678	A morte de Acabe	
2CH	19	1	142758	O profeta Jeú repreende a Josafá	
2CH	19	4	142819	Nomeação de juízes	
2CH	20	1	142988	A vitória de Josafá sobre Moabe e Amom	
2CH	20	1	143360	O reinado e a morte de Josafá	
2CH	21	2	143444	O reinado de Jeorão	
2CH	22	2	143730	O reinado de Acazias	
2CH	22	7	143847	Jeú mata a Acazias	
2CH	22	2	143883	Atalia usurpa o trono	
2CH	23	2	143923	Joás ungido rei de Judá	
2CH	23	2	144080	A morte de Atalia	
2CH	23	2	144163	A aliança de Joiada	
2CH	24	2	144247	O reinado de Joás	
2CH	24	17	144470	Zacarias morto pelo rei	
2CH	24	23	144575	O juízo de Deus sobre Joás	
2CH	24	2	144601	A conspiração contra o rei Joás	
2CH	25	2	144678	O reinado de Amazias	
2CH	25	2	144728	Amazias vence os edomitas	
2CH	25	2	144923	Amazias derrotado por Jeoás	
2CH	25	2	145078	A morte de Amazias, de Judá	
2CH	26	2	145126	O reinado de Uzias	
2CH	26	2	145325	Uzias é atacado de lepra	
2CH	27	2	145492	O reinado de Jotão	
2CH	28	2	145637	O reinado de Acaz	
2CH	28	2	145872	Acaz pede socorro aos assírios	
2CH	28	2	145963	A idolatria de Acaz	
2CH	28	2	146019	A morte de Acaz	
2CH	29	2	146063	Ezequias manda abrir o templo	
2CH	29	12	146204	Os levitas purificam o templo	
2CH	30	1	146604	A celebração da Páscoa	
2CH	32	2	147707	Doença de Ezequias	
2CH	32	2	147805	A morte de Ezequias	
2CH	33	2	147872	O reinado de Manassés	
2CH	33	2	148111	A morte de Manassés	
2CH	33	2	148157	O reinado de Amom	
2CH	34	2	148242	O reinado de Josias	
2CH	34	2	148260	A purificação do templo e do culto	
2CH	34	2	148326	O rei repara o templo	
2CH	34	2	148451	Hilquias acha o Livro da Lei	
2CH	35	2	148797	A celebração da Páscoa	
2CH	35	2	149089	A morte de Josias no vale de Megido	
2CH	36	2	149191	O reinado e deposição de Joacaz	
2CH	36	2	149280	O reinado de Jeoaquim	
2CH	36	2	149332	O reinado de Joaquim	
2CH	36	2	149356	O reinado de Zedequias	
2CH	36	2	149453	O cativeiro de Judá	
2CH	36	22	149523	O decreto de Ciro	
2CO	1	1	343740	Prefácio e saudação	
2CO	1	3	343758	Ação de graças de Paulo pelo conforto divino	
2CO	1	12	343876	A sinceridade de Paulo	
2CO	2	5	344132	O penitente deve ser readmitido na igreja	
2CO	2	12	344182	A intranquilidade de Paulo não encontrando Tito	
2CO	4	1	344488	Paulo cumpre o seu ministério com fidelidade	
2CO	4	7	344548	O poder de Paulo vem só de Deus	
2CO	4	16	344671	O desígnio e efeito das aflições	
2CO	5	1	344703	Ausentes do corpo e presentes com o Senhor	
2CO	5	11	344812	O zelo apostólico de Paulo	
2CO	5	18	344923	O ministério da reconciliação	
2CO	6	4	344997	A abnegação de Paulo	
2CO	6	11	345080	O amor com amor se paga	
2CO	6	14	345102	Nenhuma comunhão com os incrédulos	
2CO	7	2	345154	O afeto de Paulo para com os coríntios	
2CO	7	5	345188	A chegada de Tito	
2CO	8	1	345367	Judeia	
2CO	8	16	345601	O novo encargo de Tito	
2CO	9	6	345786	A sementeira e a colheita	
2CO	10	1	345902	Paulo defende a sua autoridade apostólica	
2CO	11	1	346170	Paulo continua a sua defesa	
2CO	11	7	346232	O desprendimento do apóstolo	
2CO	11	16	346369	Os sofrimentos de Paulo por amor do evangelho	
2CO	12	1	346574	As visões e revelações do Senhor	
2CO	12	7	346655	O espinho na carne	
2CO	12	11	346703	As credenciais de um apóstolo	
2CO	12	14	346737	Paulo deseja visitá-los	
2CO	12	19	346822	Paulo apela para o juiz de todos	
2CO	13	1	346878	Paulo promete investigar e castigar	
2CO	13	11	347003	Saudações	
2CO	13	13	347029	A bênção	
2JN	1	1	366309	Prefácio e saudação	
2JN	1	4	366335	O amor fraternal	
2JN	1	12	366419	Informações finais. Saudações	
2KI	1	1	117206	Acazias e o profeta Elias	
2KI	1	9	117290	Elias e os três capitães	
2KI	1	17	117437	A morte de Acazias	
2KI	2	1	117463	Eliseu é sucessor de Elias	
2KI	2	9	117582	Elias é elevado ao céu	
2KI	2	19	117731	Eliseu torna saudáveis as águas de Jericó	
2KI	2	23	117769	Rapazinhos zombam de Eliseu	
2KI	3	1	117797	O reinado de Jorão sobre Israel	
2KI	3	21	118051	A derrota de Moabe	
2KI	4	1	118135	Eliseu aumenta o azeite da viúva	
2KI	4	8	118238	Eliseu e a sunamita	
2KI	4	38	118598	A morte que havia na panela é tirada	
2KI	4	42	118656	Vinte pães satisfazem a cem homens	
2KI	5	1	118719	Naamã é curado de lepra	
2KI	5	20	118942	Geazi é atacado de lepra	
2KI	6	1	119069	Eliseu faz flutuar um machado	
2KI	6	8	119121	A ação de Eliseu na guerra contra os siros	
2KI	6	24	119345	Reina fome em Samaria	
2KI	7	3	119516	Quatro leprosos revelam a fuga dos siros	
2KI	7	16	119733	Cumpriu-se a profecia de Eliseu	
2KI	8	1	119807	Restaurados os bens da sunamita	
2KI	8	7	119924	Eliseu e Hazael de Damasco	
2KI	8	2	120063	O reinado de Jeorão	
2KI	8	2	120149	O reinado de Acazias	
2KI	9	1	120250	Jeú é ungido rei de Israel	
2KI	9	14	120425	Jeú mata a Jorão e a Acazias	
2KI	9	30	120652	A morte de Jezabel	
2KI	10	1	120749	Jeú extermina a casa de Acabe	
2KI	10	15	120912	Jeú encontra a Jonadabe	
2KI	10	18	120952	Jeú mata os adoradores de Baal	
2KI	10	32	121127	A morte de Jeú	
2KI	11	2	121214	Atalia usurpa o trono de Judá	
2KI	11	2	121252	Joás ungido rei de Judá	
2KI	11	2	121397	A morte de Atalia	
2KI	11	2	121441	A aliança de Joiada	
2KI	12	2	121536	O reinado de Joás	
2KI	12	2	121791	A conspiração contra o rei Joás	
2KI	13	1	121825	O reinado de Jeoacaz	
2KI	13	10	121956	O reinado de Jeoás	
2KI	13	14	121992	A profecia final e morte de Eliseu	
2KI	14	2	122157	O reinado de Amazias, de Judá	
2KI	14	2	122260	Amazias vence os edomitas	
2KI	14	2	122276	Amazias derrotado por Jeoás	
2KI	14	15	122395	A morte de Jeoás, rei de Israel	
2KI	14	2	122417	A morte de Amazias, rei de Judá	
2KI	14	23	122491	O reinado de Jeroboão II, de Israel	
2KI	15	2	122598	O reinado de Azarias, de Judá	
2KI	15	2	122642	Azarias é atacado de lepra	
2KI	15	8	122676	O reinado de Zacarias, de Israel	
2KI	15	13	122751	O reinado de Salum, de Israel	
2KI	15	17	122797	O reinado de Menaém, de Israel	
2KI	15	23	122847	O reinado de Pecaías, de Israel	
2KI	15	27	122918	O reinado de Peca, de Israel	
2KI	15	2	122970	O reinado de Jotão, de Judá	
2KI	16	2	123073	O reinado de Acaz, de Judá	
2KI	16	5	123117	Acaz pede socorro aos assírios	
2KI	16	2	123171	A idolatria de Acaz	
2KI	16	2	123324	A morte de Acaz	
2KI	17	1	123383	O reinado de Oseias, de Israel	
2KI	17	7	123437	A causa do cativeiro	
2KI	17	24	123680	O rei da Assíria renova a população de Samaria	
2KI	17	29	123781	O culto misto dos samaritanos	
2KI	18	2	123940	O reinado de Ezequias, de Judá	
2KI	18	2	124093	Senaqueribe invade Judá	
2KI	19	1	124465	Ezequias consulta a Isaías	Isaías 37.1-7
2KI	19	8	124555	A carta do rei da Assíria	Isaías 37.8-13
2KI	19	14	124656	A oração de Ezequias	Isaías 37.14-20
2KI	19	20	124714	O profeta conforta a Ezequias	Isaías 37.21-35
2KI	20	2	124976	A doença de Ezequias e a sua cura maravilhosa	
2KI	20	12	125119	A embaixada da Babilônia	Isaías 39.1-8
2KI	20	2	125203	A morte de Ezequias	
2KI	21	2	125272	O reinado de Manassés, de Judá	
2KI	21	10	125368	O juízo a respeito de Judá	
2KI	21	2	125463	A morte de Manassés	
2KI	21	2	125495	O reinado de Amom, de Judá	
2KI	22	2	125592	O reinado de Josias	
2KI	22	2	125622	O rei repara o templo	
2KI	22	2	125676	Hilquias acha o Livro da Lei	
2KI	23	2	125871	Josias renova a aliança ante o Senhor	
2KI	23	2	125960	A purificação do templo e do culto	
2KI	23	2	126225	A celebração da Páscoa	
2KI	23	24	126286	A piedade de Josias	
2KI	23	2	126350	A morte de Josias	
2KI	23	2	126396	O reinado e deposição de Joacaz	
2KI	23	2	126499	O reinado de Jeoaquim	
2KI	24	2	126640	O reinado de Joaquim	
2KI	24	2	126784	O reinado de Zedequias	
2KI	24	20	126839	A queda de Jerusalém	Jeremias 39.1-7;  52.3-11
2KI	25	2	126939	O cativeiro de Judá	
2KI	25	23	127195	Ismael mata a Gedalias	
2KI	25	27	127257	Libertado e honrado o rei Joaquim	Jeremias 52.31-34
2PE	1	1	364230	Prefácio e saudação	
2PE	1	12	364340	O apóstolo dá os motivos por que escreveu esta carta	
2PE	2	1	364469	Os falsos mestres, seu caráter, obras e justo castigo	
2PE	3	1	364761	A vinda do Senhor e o seu significado	
2SA	1	11	97692	Davi manda matar o amalequita	
2SA	1	17	97785	O lamento de Davi por Saul e Jônatas	
2SA	2	1	97887	Davi é aclamado rei de Judá	
2SA	2	8	97992	Abner faz Isbosete rei de Israel	
2SA	2	12	98026	Vitória de Davi sobre Isbosete	
2SA	2	18	98117	Abner mata a Asael	
2SA	3	1	98320	A família de Davi em Hebrom	
2SA	3	6	98358	Abner faz aliança com Davi	
2SA	3	22	98553	Joabe mata a Abner à traição	
2SA	3	31	98710	Davi lamenta a morte de Abner	
2SA	4	1	98841	A morte de Isbosete	
2SA	5	1	99006	Davi é ungido rei de todo o Israel	
2SA	5	1	99058	Davi conquista Sião	
2SA	5	1	99203	Davi derrota os filisteus	
2SA	6	1	99336	Davi traz para Jerusalém a arca	
2SA	6	1	99467	A arca é levada para Jerusalém	
2SA	6	20	99571	Mical repreendida por Davi	
2SA	7	1	99650	A aliança do Senhor com Davi	
2SA	7	1	99843	Ações de graças de Davi	
2SA	8	1	100016	Diversas vitórias de Davi	
2SA	8	2	100185	Oficiais de Davi	
2SA	9	1	100219	A bondade de Davi para com o filho de Jônatas	
2SA	10	1	100384	Davi derrota os amonitas e os siros	
2SA	11	1	100664	Davi comete adultério com Bate-Seba	
2SA	11	6	100718	Davi e Urias	
2SA	11	14	100821	A morte de Urias	
2SA	11	26	100982	Davi casa com Bate-Seba	
2SA	12	1	101012	Natã repreende a Davi	
2SA	12	16	101195	A morte do filho de Bate-Seba	
2SA	12	1	101350	Davi conquista Rabá	
2SA	13	1	101465	O incesto de Amnom	
2SA	13	23	101722	Absalão mata a Amnom	
2SA	13	37	101905	Absalão foge para Talmai	
2SA	14	1	101972	Absalão volta para Jerusalém	
2SA	14	25	102249	A beleza de Absalão	
2SA	15	1	102366	A revolta de Absalão e a fuga de Davi	
2SA	15	19	102577	A lealdade de Itai	
2SA	16	1	102825	Davi e Ziba	
2SA	16	5	102869	Davi amaldiçoado por Simei	
2SA	16	15	103002	Husai professa lealdade a Absalão	
2SA	16	20	103040	Absalão e as concubinas de Davi	
2SA	17	1	103119	O conselho de Aitofel e de Husai	
2SA	18	9	103646	A morte de Absalão	
2SA	18	19	103756	Davi chora amargamente a morte de Absalão	
2SA	19	1	103974	Joabe reprova a Davi	
2SA	19	11	104139	Davi volta para Jerusalém	
2SA	19	16	104199	Simei encontra-se com Davi	
2SA	19	24	104322	Mefibosete encontra-se com Davi	
2SA	19	31	104404	Barzilai encontra-se com Davi	
2SA	20	1	104603	A sedição de Seba e a sua morte	
2SA	20	2	104915	Oficiais de Davi	
2SA	21	1	104984	Vingados os gibeonitas	
2SA	21	1	105151	Gigantes mortos pelos homens de Davi	
2SA	22	1	105229	Cântico de Davi em ações de graças	Salmos 18.1-50
2SA	23	1	105670	As últimas palavras de Davi	
2SA	23	1	105771	Os valentes de Davi	
2SA	24	1	106113	O levantamento do censo	
2SA	24	1	106207	Davi escolhe o castigo	
2SA	24	1	106362	Davi erige um altar na eira de Araúna	
2TH	1	1	353957	Prefácio e saudação	
2TH	1	3	353973	Ação de graças	
2TH	2	13	354232	Ação de graças e exortação	
2TH	3	1	354315	Paulo pede as orações dos tessalonicenses	
2TH	3	17	354492	A saudação final e a bênção	
2TH	3	18	354498	A saudação é de próprio punho: Paulo. Este é o sinal	
2TI	1	1	355930	Prefácio e saudação	
2TI	1	3	355952	Ação de graças	
2TI	2	1	356145	Cristo	
2TI	3	1	356433	Os males e as corrupções dos últimos dias	
2TI	4	1	356610	A fidelidade e o zelo na pregação	
2TI	4	6	356654	O apóstolo prevê o seu martírio	
2TI	4	9	356678	O apóstolo abandonado pelos homens, não por Deus	
2TI	4	19	356779	As saudações finais e a bênção	
3JN	1	1	366484	Prefácio e saudação	
3JN	1	5	366522	O bom exemplo de Gaio	
3JN	1	13	366608	Informações finais. Saudações	
ACT	1	1	321772	Prólogo	
ACT	1	6	321818	A ascensão de Jesus	
ACT	1	12	321878	Os discípulos em Jerusalém	
ACT	1	15	321941	A escolha de Matias	
ACT	2	1	322098	A descida do Espírito Santo	
ACT	2	5	322128	O dom de línguas	
ACT	2	14	322196	O discurso de Pedro	
ACT	2	37	322452	Três mil batizados	
ACT	2	42	322502	Como viviam os convertidos	
ACT	3	1	322585	A cura de um coxo	
ACT	3	11	322679	O discurso de Pedro no templo	
ACT	4	1	322870	Pedro e João presos	
ACT	4	5	322947	Pedro e João perante o Sinédrio	
ACT	4	23	323136	A igreja em oração	
ACT	4	32	323263	A comunidade cristã	
ACT	4	36	323303	A oferta de Barnabé	
ACT	5	1	323329	Ananias e Safira	
ACT	5	12	323464	Os apóstolos fazem muitos milagres	
ACT	5	17	323512	A prisão dos apóstolos	
ACT	5	33	323687	O parecer de Gamaliel	
ACT	6	1	323838	A instituição dos diáconos	
ACT	6	8	323937	Estêvão perante o Sinédrio	
ACT	7	1	324009	A defesa de Estêvão	
ACT	7	54	324641	A morte de Estêvão	
ACT	8	2	324699	A primeira perseguição à igreja	Atos 26.9-11
ACT	8	4	324768	Filipe prega em Samaria	
ACT	8	9	324810	Simão, o mágico	
ACT	8	14	324866	Pedro e João em Samaria	
ACT	8	26	324997	Filipe e o eunuco	
ACT	9	1	325162	A conversão de Saulo	Atos 22.4-11; 26.9-18
ACT	9	10	325279	A visita de Ananias	Atos 22.12-16
ACT	9	20	325385	Saulo prega em Damasco	
ACT	9	26	325478	Saulo em Jerusalém e em Tarso	
ACT	9	31	325528	A igreja cresce	
ACT	9	32	325542	A cura de Eneias	
ACT	9	36	325605	A ressurreição de Dorcas	
ACT	10	1	325689	O centurião Cornélio	
ACT	10	9	325788	Pedro tem uma visão	
ACT	10	23	325945	Pedro vai com eles	
ACT	11	1	326259	A defesa de Pedro	
ACT	11	19	326430	Os discípulos são chamados cristãos em Antioquia	
ACT	11	27	326504	Ágabo prediz grande fome	
ACT	12	1	326579	Herodes persegue a Tiago e a Pedro	
ACT	12	9	326653	Pedro é livre da prisão	
ACT	12	20	326792	A morte de Herodes	
ACT	13	4	326929	Elimas, o mágico	
ACT	13	13	327021	João Marcos volta a Jerusalém	
ACT	14	1	327494	Paulo e Barnabé em Icônio	
ACT	14	8	327579	A cura de um coxo em Listra	
ACT	14	19	327673	Paulo é apedrejado	
ACT	15	1	327794	A controvérsia sobre a circuncisão de gentios	
ACT	15	12	327953	O parecer de Tiago	
ACT	15	22	328068	A decisão enviada a Antioquia	
ACT	15	30	328142	A leitura da mensagem	
ACT	15	36	328223	Paulo e Barnabé	
ACT	16	1	328277	Paulo leva consigo a Timóteo	
ACT	16	6	328315	A visão em Trôade	
ACT	16	11	328390	Paulo em Filipos. Lídia convertida	
ACT	16	16	328442	A cura de uma jovem adivinhadora	
ACT	16	19	328472	Paulo e Silas açoitados e presos	
ACT	16	27	328585	A conversão do carcereiro	
ACT	16	35	328651	Paulo e Silas livres da prisão	
ACT	17	1	328754	Paulo e Silas em Tessalônica	
ACT	17	10	328830	Paulo e Silas em Bereia	
ACT	17	16	328931	O discurso de Paulo em Atenas	
ACT	17	32	329114	Uns zombam, outros creem	
ACT	18	1	329142	Paulo em Corinto	
ACT	18	5	329217	Paulo anuncia a Jesus	
ACT	18	12	329279	Paulo perante Gálio	
ACT	18	18	329364	O final da segunda viagem missionária de Paulo	
ACT	19	1	329519	Paulo em Éfeso	
ACT	19	8	329577	Paulo na escola de Tirano	
ACT	19	23	329740	Demétrio excita grande tumulto	
ACT	20	1	329996	De novo, Paulo visita a Macedônia e a Grécia	
ACT	20	7	330054	Paulo em Trôade	
ACT	20	13	330114	Paulo embarca em Assôs. Chega a Mileto	
ACT	20	36	330384	Paulo ora com eles	
ACT	21	1	330416	Paulo chega a Tiro	
ACT	21	7	330497	Paulo em Cesareia	
ACT	21	17	330585	Paulo chega a Jerusalém	
ACT	21	27	330714	A prisão de Paulo	
ACT	22	1	330879	Paulo apresenta a sua defesa	
ACT	22	22	331106	Paulo livra-se de ser açoitado	
ACT	23	1	331235	Paulo perante o Sinédrio	
ACT	23	11	331376	O Senhor aparece a Paulo	
ACT	23	12	331390	A cilada dos judeus	
ACT	23	26	331565	A carta de Cláudio a Félix	
ACT	23	31	331617	Paulo no pretório de Herodes	
ACT	24	10	331837	Paulo apresenta a sua defesa	
ACT	24	22	331941	Paulo perante Félix e Drusila	
ACT	25	1	332038	Paulo perante Festo. Apela para César	
ACT	25	13	332201	Festo expõe a Agripa o caso de Paulo	
ACT	25	23	332324	Festo, de novo, fala a Agripa	
ACT	26	24	332710	Paulo é interrompido por Festo	
ACT	27	1	332804	Paulo enviado para a Itália	
ACT	27	9	332935	Os perigos da viagem	
ACT	27	27	333146	O naufrágio	
ACT	28	1	333386	A ilha de Malta	
ACT	28	7	333454	Públio hospeda a Paulo	
ACT	28	11	333496	A continuação da viagem	
ACT	28	16	333573	Paulo em Roma	
ACT	28	23	333643	Paulo prega em Roma	
AMO	1	1	268485	Ameaças contra diversas nações	
AMO	2	4	268712	Ameaças contra Judá	
AMO	2	6	268734	Ameaças contra Israel	
AMO	3	1	268879	O castigo contra a maldade de Israel	
AMO	4	1	269068	Ameaças contra as mulheres de Samaria	
AMO	4	4	269100	A cegueira espiritual de Israel	
AMO	5	1	269261	Buscai a Deus e vivei	
AMO	5	21	269509	Deus exige justiça e não sacrifícios	
AMO	6	1	269579	A corrupção e a destruição de Israel	
AMO	7	1	269756	A visão do gafanhoto, do fogo e do prumo	
AMO	7	10	269871	Amós acusado como conspirador	
AMO	8	1	269941	A visão de um cesto de frutos	
AMO	8	4	270006	A ruína de Israel está perto	
AMO	9	1	270151	Os juízos de Deus são inevitáveis	
AMO	9	11	270265	Restauração do Israel espiritual	
COL	1	1	351689	Prefácio e saudação	
COL	1	3	351707	Ação de graças	
COL	1	9	351753	Paulo ora pelos colossenses	
COL	1	24	351930	A missão de Paulo. O mistério do evangelho	
COL	2	8	352093	Cristo e a sua obra redentora	
COL	3	1	352308	A união com Cristo glorificado	
COL	3	12	352433	As virtudes devem ser cultivadas	
COL	3	18	352524	Os deveres da família	
COL	4	2	352594	A oração e a prudência	
COL	4	7	352646	Tíquico e Onésimo	
COL	4	10	352705	As saudações finais	
COL	4	18	352799	Saudação pessoal. A bênção	
DAN	1	1	260052	A educação de Daniel e de seus companheiros	
DAN	2	1	260293	Daniel interpreta o sonho de Nabucodonosor	
DAN	4	1	261444	A loucura de Nabucodonosor	
DAN	5	1	261991	A escritura na parede	
DAN	6	1	262436	Daniel na cova dos leões	
DAN	7	1	262824	O sonho sobre os quatro animais	
DAN	8	1	263234	A visão sobre um carneiro e um bode	
DAN	9	1	263578	A oração de Daniel pelo povo	
DAN	9	20	263868	A profecia das setenta semanas	
DAN	10	1	263991	A visão de Daniel no rio Tigre	
DAN	10	10	264077	Daniel é consolado	
DAN	11	1	264234	Os reis do Norte e do Sul	
DAN	12	1	264832	O tempo do fim	
DAN	12	1	265032	Oseias	
DAN	12	1	265042	Israel	
DAN	12	2	265197	A infidelidade do povo e a fidelidade de Deus	
DAN	12	1	265432	A longanimidade de Deus	
DAN	12	1	265527	Corrupção geral de Israel	
DAN	12	1	265762	Repreensão contra sacerdotes e príncipes	
DAN	12	15	265913	Conversão insincera	
DAN	12	1	266072	Iniquidade dos reis e príncipes	
DAN	12	1	266271	O castigo está próximo	
DAN	12	1	266448	Israel já antes castigado	
DAN	12	6	266722	Os  moradores  de  Samaria  serão  atemorizados  por	
DAN	12	1	266893	O amor de Deus Pai. A ingratidão de Israel	
DAN	12	1	267052	Jacó, modelo para o povo de Israel	
DAN	12	1	267201	Castigo definitivo	
DAN	12	1	267384	Promessas de perdão	
DAN	12	9	267452	Apelo final	
DEU	1	1	57983	O Primeiro Discurso de Moisés na Planície do Jordão	
DEU	1	1	57985	Moisés conta a história de Israel	
DEU	1	9	58061	A nomeação de auxiliares	Êxodo 18.13-27
DEU	1	26	58268	O relatório dos espias recebido com incredulidade	Números 13.25-33
DEU	1	34	58393	O castigo de Deus	Números 14.20-38
DEU	1	41	58480	O povo derrotado em Horma	Números 14.39-45
DEU	2	1	58568	A jornada de Cades até Zerede	
DEU	2	16	58753	A travessia de Ar e Arnom	
DEU	2	26	58880	Vitória sobre Seom, rei de Hesbom	Números 21.21-30
DEU	3	1	59025	Vitória sobre Ogue, rei de Basã	Números 21.31-35
DEU	3	12	59164	Distribuição da Transjordânia	Números 32.33-42
DEU	3	23	59323	A oração de Moisés para entrar em Canaã	Números 27.12-23
DEU	4	1	59399	Moisés exorta o povo à obediência	
DEU	4	41	59934	Três cidades de refúgio	Números 35.9-15; Deuteronômio 19.1-3
DEU	4	44	60007	O Segundo Discurso de Moisés	
DEU	5	1	60059	A repetição dos dez mandamentos	Êxodo 20.1-17
DEU	6	1	60435	O fim da lei é a obediência	
DEU	7	1	60743	Admoestações contra a infidelidade	Êxodo 34.10-17
DEU	7	12	60894	Bênçãos decorrentes da obediência	Levítico 26.3-13; Deuteronômio 28.1-14
DEU	9	1	61391	Moisés lembra aos israelitas o socorro divino	
DEU	9	6	61496	As infidelidades de Israel	Êxodo 32.1-20
DEU	9	25	61715	Moisés intercede pelo povo	Êxodo 32.11-14,30-35
DEU	10	1	61773	As segundas tábuas da lei	
DEU	10	6	61876	Da vocação da tribo de Levi	
DEU	10	12	61936	Exortação à obediência	
DEU	11	8	62172	Os benefícios da obediência	
DEU	11	26	62395	A bênção e a maldição	
DEU	12	1	62504	O lugar do culto verdadeiro	
DEU	13	1	62970	Contra os falsos profetas e os idólatras	
DEU	14	1	63224	Mutilação do corpo proibida	
DEU	14	22	63415	Os dízimos para o serviço do SENHOR	
DEU	15	1	63546	O ano da remissão	
DEU	15	7	63622	Leis a favor dos pobres	Levítico 25.35-38
DEU	15	12	63731	Leis acerca dos servos	Êxodo 21.1-11
DEU	15	19	63815	Leis acerca dos primogênitos do gado	
DEU	16	1	63859	As três festas dos judeus	
DEU	16	1	63861	A Páscoa	Êxodo 23.14-15;  34.18; Levítico 23.4-8
DEU	16	9	63994	O Pentecostes	Êxodo 23.16;  34.22; Levítico 23.15-21
DEU	16	13	64034	Os Tabernáculos	Levítico 23.33-43
DEU	16	18	64137	Deveres dos juízes	Êxodo 23.6-9
DEU	17	1	64193	O castigo da idolatria	
DEU	17	8	64300	Julgamento de questões difíceis	
DEU	17	14	64362	A eleição e os deveres de um rei	
DEU	18	1	64485	A herança e os direitos dos sacerdotes e dos levitas	
DEU	18	9	64616	Contra os adivinhos e os feiticeiros	
DEU	18	15	64684	A promessa do grande profeta	
DEU	19	1	64803	Seis cidades de refúgio	Números 35.9-15; Deuteronômio 4.41-43
DEU	19	11	64982	Execução do homicida	Números 35.16-21
DEU	20	1	65104	Acerca da guerra	
DEU	21	10	65471	Acerca da mulher prisioneira	
DEU	21	15	65511	O direito do primogênito	
DEU	21	18	65551	Acerca dos filhos desobedientes	
DEU	21	22	65612	Os cadáveres serão tirados do patíbulo	
DEU	22	1	65636	Acerca do que se perdeu	
DEU	22	5	65694	Diversas leis	
DEU	22	12	65801	A lei acerca das borlas	
DEU	22	13	65811	Leis da castidade e do casamento	
DEU	23	1	66018	Pessoas excluídas das assembleias santas	
DEU	23	9	66125	Limpeza do acampamento	
DEU	23	15	66191	Acerca de fugitivos, prostitutas e usura	
DEU	23	21	66247	Acerca de votos	
DEU	24	1	66334	Acerca do divórcio	
DEU	24	5	66400	Leis de caráter humanitário	
DEU	25	1	66646	A pena de açoites	
DEU	25	5	66694	O levirato	
DEU	25	13	66825	Pesos e medidas justos	
DEU	25	17	66855	Amaleque será destruído	
DEU	26	1	66891	As primícias da terra	
DEU	26	12	67032	Os dízimos	
DEU	26	16	67094	Exortação à obediência	
DEU	27	1	67189	O Terceiro Discurso de Moisés	
DEU	27	1	67191	Solene promulgação da lei	
DEU	27	11	67303	Maldições do monte Ebal	
DEU	28	1	67474	As bênçãos decorrentes da obediência	Levítico 26.3-13; Deuteronômio 7.12-26
DEU	28	15	67669	Os castigos da desobediência	Levítico 26.14-46
DEU	29	1	68349	O Quarto Discurso de Moisés	
DEU	29	1	68351	Deus faz nova aliança com o povo	
DEU	30	1	68736	Promessas de misericórdia	
DEU	30	15	68941	A vida ou a morte	
DEU	31	1	69015	As Últimas Disposições	
DEU	31	1	69017	Josué, sucessor de Moisés	
DEU	31	9	69138	A lei deve ser lida ao povo de sete em sete anos	
DEU	31	14	69184	A futura rebeldia de Israel	
DEU	31	30	69456	O cântico de Moisés	
DEU	32	48	70007	O Último Dia da Vida de Moisés	
DEU	33	1	70106	A bênção de Moisés	
DEU	34	1	70458	A morte de Moisés	
ECC	1	1	201825	Tudo é vaidade	
ECC	1	4	201843	A eterna mesmice	
ECC	1	12	201913	A experiência do Pregador	
ECC	2	1	202010	A vaidade das possessões	
ECC	2	12	202159	A vaidade da sabedoria	
ECC	2	18	202227	A vaidade do trabalho	
ECC	3	1	202368	Tempo para tudo	
ECC	4	1	202601	As tribulações da vida	
ECC	5	1	202782	A loucura de votos precipitados	
ECC	5	8	202901	A vaidade das riquezas	
ECC	7	1	203231	Comparadas a sabedoria e a loucura	
ECC	7	15	203364	A moderação em tudo é boa	
ECC	7	23	203432	Avaliação da mulher enganosa	
ECC	8	1	203547	A submissão diante do rei	
ECC	8	10	203631	As desigualdades na vida	
ECC	9	1	203766	A sorte parece ser a mesma para todos	
ECC	9	11	203937	Trabalhos sem recompensa	
ECC	9	13	203977	Exemplo que ilustra esta verdade	
ECC	10	1	204056	A excelência da sabedoria	
ECC	11	1	204237	O procedimento prudente do sábio	
ECC	11	9	204321	A mocidade	
ECC	12	1	204382	A velhice	
ECC	12	9	204478	Conclusão	
EPH	1	1	348789	Prefácio e saudação	
EPH	1	15	348915	Paulo ora pelos crentes	
EPH	2	1	349032	Do pecado para a salvação pela graça	
EPH	2	11	349147	Os gentios e os judeus são unidos pela cruz de Cristo	
EPH	3	1	349296	A vocação dos gentios e o apostolado de Paulo	
EPH	3	14	349406	Paulo ora novamente	
EPH	4	1	349503	A unidade da fé	
EPH	4	17	349684	A santidade cristã oposta à dissolução	
EPH	4	25	349744	Exortações à santidade	
EPH	5	3	349853	O fruto da luz e as obras das trevas	
EPH	5	22	350024	O lar cristão: marido e mulher	
EPH	6	1	350153	O lar cristão: filhos e pais	
EPH	6	5	350181	O lar cristão: servos e senhores	
EPH	6	10	350227	A armadura de Deus	
EPH	6	21	350356	Tíquico	
EPH	6	23	350372	A bênção	
EST	1	1	158293	O banquete de Assuero	
EST	2	1	158602	Ester feita rainha	
EST	3	1	159001	Mordecai odiado por Hamã	
EST	3	12	159133	O rei decreta a morte dos judeus	
EST	4	1	159236	Ester promete interceder pelo seu povo	
EST	6	1	159669	Hamã forçado a honrar a Mordecai	
EST	7	1	159846	Ester denuncia a Hamã, que é enforcado	
EST	8	1	159999	Os judeus são autorizados a resistir	
EST	9	1	160266	Os judeus matam aos seus inimigos	
EST	9	16	160459	A Festa de Purim	
EST	10	1	160741	O renome de Mordecai	
EXO	1	1	17670	Os descendentes de Jacó no Egito	
EXO	1	15	17786	As parteiras desobedecem a Faraó	
EXO	2	1	17895	Nascimento e educação de Moisés	
EXO	2	11	18014	Moisés mata um egípcio e foge para Midiã	
EXO	2	23	18155	A morte do rei do Egito	
EXO	3	1	18185	Deus fala com Moisés do meio da sarça ardente	
EXO	4	1	18495	Deus concede poderes a Moisés	
EXO	4	18	18680	Moisés regressa ao Egito	
EXO	5	1	18845	Moisés e Arão falam a Faraó	
EXO	5	6	18889	Faraó aflige os israelitas	
EXO	6	2	19169	Deus promete livrar os israelitas	
EXO	6	14	19277	Genealogias de Moisés e Arão	
EXO	6	28	19410	Moisés fala novamente a Faraó	
EXO	8	1	19730	Segunda praga: rãs	
EXO	8	16	19897	Terceira praga: piolhos	
EXO	8	20	19964	Quarta praga: moscas	
EXO	9	1	20135	Quinta praga: peste nos animais	
EXO	9	8	20197	Sexta praga: úlceras	
EXO	9	13	20282	Sétima praga: chuva de pedras	
EXO	10	1	20523	Oitava praga: gafanhotos	
EXO	10	21	20805	Nona praga: trevas	
EXO	11	1	20926	Deus anuncia a décima praga	
EXO	12	1	21042	A instituição da Páscoa	
EXO	12	37	21481	A saída dos israelitas do Egito	
EXO	13	1	21652	Consagração dos primogênitos	
EXO	13	17	21827	Deus guia o povo pelo caminho	
EXO	14	1	21924	Perseguição de Israel	
EXO	14	15	22107	A passagem pelo meio do mar	
EXO	14	26	22244	Os egípcios perecem no mar	
EXO	15	1	22310	O cântico de Moisés	
EXO	15	20	22503	Antífona de Miriã e das mulheres	
EXO	15	22	22554	As águas amargas tornam-se doces	
EXO	16	1	22614	Deus manda o maná	
EXO	16	11	22747	Deus manda codornizes	
EXO	16	22	22892	O povo de Israel recolhe o maná	
EXO	17	1	23077	A água da rocha em Refidim	
EXO	17	8	23153	Amaleque peleja contra os israelitas	
EXO	18	1	23262	O sogro de Moisés traz-lhe sua mulher e seus filhos	
EXO	18	13	23417	A nomeação de auxiliares	Deuteronômio 1.9-18
EXO	19	1	23584	Deus fala com Moisés no monte Sinai	
EXO	20	1	23894	Os dez mandamentos	Deuteronômio 5.1-21
EXO	20	22	24089	Leis acerca dos altares	
EXO	21	1	24145	Leis acerca dos servos	Deuteronômio 15.12-18
EXO	21	12	24270	Leis acerca da violência	
EXO	22	1	24578	Leis acerca da propriedade	
EXO	22	16	24789	Leis civis e religiosas	
EXO	23	1	24948	O testemunho falso e a injúria	
EXO	23	6	24986	Deveres dos juízes	Deuteronômio 16.18-20
EXO	23	10	25061	O Ano de Descanso	Levítico 25.1-7
EXO	23	12	25095	O Sábado	Levítico 23.3
EXO	23	14	25121	As três festas	Êxodo 34.18-26; Levítico 23.4-21,33-44; Deuteronômio 16.1-17
EXO	23	20	25222	Deus promete a posse da terra	
EXO	24	1	25407	A aliança de Deus com Israel	
EXO	25	1	25614	Deus manda trazer ofertas para o tabernáculo	Êxodo 35.4-9
EXO	25	10	25684	A arca	Êxodo 37.1-5
EXO	25	17	25785	O propiciatório	Êxodo 37.6-9
EXO	25	23	25841	A mesa	Êxodo 37.10-16
EXO	25	31	25938	O candelabro	Êxodo 37.17-24
EXO	26	1	26071	As cortinas do tabernáculo	Êxodo 36.8-18
EXO	26	14	26242	A coberta de peles e as tábuas	
EXO	26	31	26419	O véu, o reposteiro e as colunas	Êxodo 36.35-38
EXO	27	1	26483	O altar do holocausto	Êxodo 38.1-7
EXO	27	9	26576	O átrio do tabernáculo	Êxodo 38.9-20
EXO	27	20	26719	O azeite para o candelabro	Levítico 24.1-4
EXO	28	1	26749	Deus escolhe Arão e seus filhos para sacerdotes	
EXO	28	2	26767	As vestes sacerdotais	Êxodo 39.1-31
EXO	29	1	27264	O sacrifício e as cerimônias da consagração	Levítico 8.1-36
EXO	29	38	27709	Ofertas contínuas	Números 28.1-8
EXO	30	1	27809	O altar do incenso	Êxodo 37.25-28
EXO	30	11	27936	O pagamento do resgate	
EXO	30	17	27992	A bacia de bronze	Êxodo 38.8
EXO	30	22	28067	O óleo da santa unção	Êxodo 37.29
EXO	30	34	28163	O incenso sagrado	
EXO	31	1	28238	Os artífices da obra do tabernáculo	Êxodo 35.30–36.1
EXO	31	12	28369	O sábado santo e as duas tábuas do Testemunho	
EXO	32	1	28437	O bezerro de ouro	Deuteronômio 9.6-21
EXO	32	11	28566	Moisés intercede pelo povo	Êxodo 32.30-35; Deuteronômio 9.25-29
EXO	32	25	28743	Moisés manda matar os idólatras	
EXO	32	30	28811	Moisés intercede pelo povo	Êxodo 32.11-14; Deuteronômio 9.25-29
EXO	33	1	28898	O Anjo de Deus irá adiante do povo	
EXO	33	12	29031	Moisés roga a Deus a sua presença	
EXO	34	1	29182	As segundas tábuas da lei	Deuteronômio 10.1-5
EXO	34	18	29397	As três festas	Êxodo 23.14-19; Levítico 23.4-21,33-44; Deuteronômio 16.1-17
EXO	34	29	29552	O rosto de Moisés resplandece	
EXO	35	1	29630	O Sábado	
EXO	35	4	29695	Deus manda trazer ofertas para o tabernáculo	Êxodo 25.1-9
EXO	35	10	29745	Os utensílios do tabernáculo	Êxodo 39.32-43
EXO	35	30	29992	Deus chama a Bezalel e a Aoliabe	Êxodo 31.1-11
EXO	36	8	30216	As cortinas do tabernáculo	Êxodo 26.1-13
EXO	36	20	30324	A coberta de peles e as tábuas	Êxodo 26.14-30
EXO	36	35	30491	O véu, o reposteiro e as colunas	Êxodo 26.31-37
EXO	37	1	30566	A arca	Êxodo 25.10-15
EXO	37	6	30614	O propiciatório	Êxodo 25.17-22
EXO	37	10	30654	A mesa	Êxodo 25.23-30
EXO	37	17	30753	O candelabro	Êxodo 25.31-39
EXO	37	25	30839	O altar do incenso	Êxodo 30.1-10
EXO	37	29	30914	O óleo sagrado e o incenso santo	Êxodo 30.22-38
EXO	38	1	30932	O altar do holocausto	Êxodo 27.1-8
EXO	38	8	31000	A bacia de bronze	Êxodo 30.17-21
EXO	38	9	31020	O átrio e o reposteiro	Êxodo 27.9-19
EXO	38	21	31175	A enumeração das coisas do tabernáculo	
EXO	39	1	31344	As vestes dos sacerdotes	Êxodo 28.1-43
EXO	39	32	31702	Os utensílios do tabernáculo completados	Êxodo 35.10-19
EXO	40	1	31853	Deus manda Moisés levantar o tabernáculo	
EXO	40	16	31994	O tabernáculo é levantado	
EXO	40	34	32157	A nuvem cobre o tabernáculo	Números 9.15-23
EZK	1	1	242905	A visão dos quatro querubins	
EZK	1	15	243074	A visão das quatro rodas	
EZK	1	26	243184	A visão da glória divina	
EZK	2	1	243269	A vocação de Ezequiel	
EZK	2	8	243341	Visão do rolo de um livro	
EZK	3	4	243420	O comissionamento do profeta	
EZK	3	16	243524	O atalaia de Israel	
EZK	4	1	243693	O cerco simbólico de Jerusalém	
EZK	5	5	243971	As causas do cerco de Jerusalém	
EZK	6	1	244168	Profecia contra a idolatria de Israel	
EZK	7	1	244357	O fim vem! O fim vem!	
EZK	8	1	244689	Visão das abominações em Jerusalém	
EZK	9	1	244967	Os castigos de Jerusalém	
EZK	10	1	245146	A visão das brasas de fogo	
EZK	10	9	245261	A visão das quatro rodas	
EZK	11	1	245460	O juízo de Deus contra os chefes do povo	
EZK	11	14	245603	Promessa da restauração de Israel	
EZK	12	1	245725	O profeta descreve o cativeiro	
EZK	13	1	246055	Profecia contra os falsos profetas	
EZK	13	17	246287	Contra as falsas profetisas	
EZK	14	1	246387	O castigo dos idólatras	
EZK	14	12	246560	A justiça dos castigos de Deus	
EZK	15	1	246731	Jerusalém é qual videira inútil	
EZK	16	1	246840	A infidelidade de Jerusalém	
EZK	17	1	247657	A parábola das duas águias e da videira	
EZK	18	1	247947	A responsabilidade é pessoal	
EZK	19	1	248359	A parábola do leão enjaulado	
EZK	19	10	248478	A parábola da videira arruinada	
EZK	20	1	248552	As abominações da casa de Israel depois do êxodo	
EZK	20	45	249170	A profecia contra o Sul	
EZK	21	1	249218	A espada do Senhor	
EZK	22	1	249604	As abominações de Jerusalém	
EZK	23	1	250023	Oolá e Oolibá, as duas meretrizes	
EZK	24	1	250598	A parábola da panela	
EZK	24	15	250761	A viuvez de Ezequiel	
EZK	25	1	250902	Profecia contra Amom	
EZK	25	8	250993	Profecia contra Moabe	
EZK	25	12	251027	Profecia contra Edom	
EZK	25	15	251067	Profecia contra a Filístia	
EZK	26	1	251138	Profecia contra Tiro	
EZK	27	1	251448	Lamentação sobre Tiro	
EZK	28	1	251870	Profecia contra o rei de Tiro	
EZK	28	20	252103	Profecia contra Sidom	
EZK	29	1	252210	Profecia contra o Egito	
EZK	30	1	252496	O Egito será conquistado pela Babilônia	
EZK	31	1	252814	O destino do Egito	
EZK	32	1	253081	Lamentação contra Faraó, rei do Egito	
EZK	33	1	253518	O dever do verdadeiro atalaia	
EZK	33	21	253784	O castigo de Israel por causa da sua presunção	
EZK	34	1	253973	Profecia contra os pastores infiéis de Israel	
EZK	35	1	254365	Profecia contra o monte Seir	
EZK	36	1	254540	Profecia aos montes de Israel	
EZK	36	16	254711	A restauração de Israel	
EZK	37	1	255031	A visão de um vale de ossos secos	
EZK	37	15	255198	Reunião de Judá e Israel	
EZK	38	1	255369	Profecia contra Gogue	
EZK	38	14	255536	Gogue invadirá Israel	
EZK	39	1	255711	A queda de Gogue	
EZK	39	17	255914	O grande sacrifício do Senhor	
EZK	40	1	256109	A visão do templo	
EZK	43	1	257481	A glória do Senhor enche o templo	
EZK	43	10	257614	O altar dos holocaustos	
EZK	43	18	257753	A consagração do altar	
EZK	44	1	257904	Reformas no ministério do santuário	
EZK	44	15	258135	Os deveres dos sacerdotes	
EZK	44	28	258330	A repartição das terras	
EZK	45	9	258519	Deveres dos magistrados	
EZK	45	18	258688	Ofertas no Ano-Novo	
EZK	45	21	258732	Na Páscoa	
EZK	46	1	258823	Nos sábados e Festas da Lua Nova	
EZK	46	9	258931	Instruções referentes às ofertas	
EZK	47	1	259223	A torrente das águas purificadoras	
EZK	47	13	259384	As fronteiras da terra de Israel	
EZK	48	1	259543	Os limites de sete tribos	
EZK	48	15	259746	Os limites da cidade	
EZK	48	21	259826	Os limites do príncipe	
EZK	48	23	259893	Os limites das outras cinco tribos	
EZK	48	30	259947	As portas da cidade	
EZR	1	1	149616	O decreto de Ciro	
EZR	2	1	149779	A lista dos que voltaram da Babilônia	Neemias 7.5-73
EZR	3	1	150308	É levantado o altar	
EZR	3	8	150400	Lançados os alicerces do templo	
EZR	4	1	150535	Os inimigos fazem parar a construção do templo	
EZR	5	1	150873	As exortações de Ageu e Zacarias	
EZR	5	6	150960	Os adversários consultam Dario	
EZR	6	1	151145	O decreto de Dario	
EZR	6	13	151340	Completado o templo	
EZR	6	16	151388	A dedicação do templo	
EZR	6	19	151424	A celebração da Páscoa	
EZR	7	1	151519	Artaxerxes envia Esdras a Jerusalém	
EZR	8	1	151861	A lista dos que voltaram com Esdras	
EZR	8	15	151986	Esdras manda buscar levitas	
EZR	8	21	152058	O jejum	
EZR	8	31	152209	A chegada a Jerusalém	
EZR	9	1	152285	A oração e confissão de Esdras	
EZR	10	1	152579	Os israelitas despedem suas mulheres heteias	
GAL	1	1	347094	Prefácio e saudação	
GAL	1	6	347130	A inconstância dos gálatas	
GAL	2	1	347331	O apostolado aos judeus e aos gentios	
GAL	2	11	347472	Cristo Jesus	
GAL	3	1	347605	Paulo apela para a experiência dos gálatas	
GAL	3	6	347653	A experiência de Abraão	
GAL	3	15	347754	A lei não pode invalidar a promessa	
GAL	4	1	347947	A nossa filiação em Cristo	
GAL	4	8	348003	O valor transitório dos ritos judaicos	
GAL	4	12	348035	A perplexidade de Paulo	
GAL	4	21	348146	Sara e Agar, alegoria das duas alianças	
GAL	5	1	348279	Ou a lei ou Cristo	
GAL	5	13	348357	A liberdade é limitada pelo amor	
GAL	5	16	348422	As obras da carne e o fruto do Espírito	
GAL	6	1	348516	O auxílio mútuo e a responsabilidade pessoal	
GAL	6	12	348639	Paulo gloria-se na cruz de Cristo	
GAL	6	18	348699	A bênção	
GEN	1	1	369	A criação dos céus e da terra e de tudo o que neles há	
GEN	2	4	709	A formação do homem	
GEN	2	18	846	A formação da mulher	
GEN	3	1	955	A queda do homem	
GEN	4	1	1206	Abel e Caim	
GEN	4	8	1293	O primeiro homicídio	
GEN	4	17	1367	Descendentes de Caim	
GEN	4	1	1482	Descendentes de Adão	
GEN	6	1	1782	A corrupção do gênero humano	
GEN	6	11	1878	Deus anuncia o dilúvio	
GEN	7	1	2023	Noé e sua família entram na arca	
GEN	7	17	2198	O dilúvio	
GEN	8	1	2315	Diminuem as águas do dilúvio	
GEN	8	13	2462	Noé e sua família saem da arca	
GEN	8	20	2522	Noé levanta um altar	
GEN	9	1	2591	A aliança de Deus com Noé	
GEN	9	20	2800	Noé pronuncia bênção e maldição	
GEN	10	1	2913	Descendentes dos filhos de Noé	
GEN	11	1	3188	A torre de Babel	
GEN	11	1	3291	Descendentes de Sem	
GEN	12	1	3466	Deus chama Abrão e lhe faz promessas	
GEN	12	10	3577	Abrão no Egito	
GEN	13	1	3675	Abrão e Ló separam-se	
GEN	13	14	3820	O SENHOR promete a Abrão a terra de Canaã	
GEN	14	1	3893	Guerra de quatro reis contra cinco	
GEN	14	12	3999	Ló é levado cativo	
GEN	14	18	4104	Melquisedeque abençoa a Abrão	
GEN	15	1	4164	Deus anima a Abrão e lhe promete um filho	
GEN	16	1	4400	Sarai e Agar	
GEN	16	15	4565	Nascimento de Ismael	
GEN	17	1	4585	Deus muda o nome de Abrão	
GEN	17	9	4649	Institui-se a circuncisão	
GEN	17	15	4738	Deus muda o nome de Sarai	
GEN	17	23	4818	Pratica-se a circuncisão	
GEN	18	1	4905	O SENHOR e dois anjos aparecem a Abraão	
GEN	18	16	5072	Deus anuncia a destruição de Sodoma e Gomorra	
GEN	19	1	5303	Ló recebe em sua casa os dois anjos	
GEN	19	30	5657	A origem dos moabitas e dos amonitas	
GEN	20	1	5784	Abraão e Sara peregrinam em Gerar	
GEN	21	1	5981	O nascimento de Isaque	
GEN	21	8	6058	Agar no deserto	
GEN	21	22	6217	Abraão faz aliança com Abimeleque	
GEN	22	1	6315	Deus prova Abraão	
GEN	22	20	6551	Descendência de Naor	
GEN	23	1	6593	A morte de Sara	
GEN	24	1	6818	Isaque	
GEN	24	15	6983	O encontro de Rebeca	
GEN	24	52	7406	O casamento de Isaque e Rebeca	
GEN	25	1	7573	Descendentes de Abraão e Quetura	
GEN	25	7	7613	A morte de Abraão	
GEN	25	1	7682	Descendentes de Ismael	
GEN	25	19	7740	Descendentes de Isaque	
GEN	26	1	7919	Isaque na terra dos filisteus	
GEN	26	26	8211	Isaque faz aliança com Abimeleque	
GEN	27	1	8309	Isaque abençoa a Jacó e a Esaú	
GEN	28	1	8853	A fuga de Jacó	
GEN	28	10	8935	A visão da escada	
GEN	28	18	9030	A coluna de Betel	
GEN	29	1	9074	Jacó encontra-se com Raquel	
GEN	29	21	9324	Lia e Raquel	
GEN	29	31	9404	Os filhos de Jacó	
GEN	30	27	9748	Labão faz novo pacto com Jacó	
GEN	30	37	9887	Jacó se enriquece	
GEN	31	1	9965	Jacó retorna à terra de seus pais	
GEN	31	24	10237	Labão segue no encalço de Jacó	
GEN	31	43	10468	A aliança entre Labão e Jacó	
GEN	32	3	10645	Jacó reconcilia-se com Esaú	
GEN	33	1	10963	O encontro de Esaú e Jacó	
GEN	33	18	11187	Jacó chega a Siquém	
GEN	34	1	11219	Diná e os siquemitas	
GEN	34	25	11482	A traição de Simeão e Levi	
GEN	35	1	11613	Jacó erige um altar em Betel	
GEN	35	16	11784	O nascimento de Benjamim e a morte de Raquel	
GEN	35	1	11875	Descendentes de Jacó	
GEN	36	1	11945	Os descendentes de Esaú	
GEN	36	1	12136	Descendentes de Seir	
GEN	36	1	12253	Reis e príncipes de Edom	
GEN	37	1	12382	José vendido pelos irmãos	
GEN	38	1	12758	Judá e Tamar	
GEN	39	1	13122	José na casa de Potifar	
GEN	40	1	13412	José na prisão interpreta dois sonhos	
GEN	40	9	13484	O sonho do copeiro-chefe	
GEN	40	16	13575	O sonho do padeiro-chefe	
GEN	41	1	13645	José interpreta os sonhos de Faraó	
GEN	41	37	14012	José como governador do Egito	
GEN	42	1	14249	Os irmãos de José descem ao Egito	
GEN	42	25	14529	Os irmãos de José regressam do Egito	
GEN	43	1	14704	Os irmãos de José descem outra vez ao Egito	
GEN	43	15	14869	José hospeda seus irmãos	
GEN	44	1	15100	Estratagema de José para deter seus irmãos	
GEN	44	14	15257	A defesa de Judá	
GEN	45	1	15523	José dá-se a conhecer a seus irmãos	
GEN	46	1	15861	Jacó e toda a sua família descem para o Egito	
GEN	46	28	16102	O encontro de José com seu pai	
GEN	47	1	16211	Israel é apresentado a Faraó	
GEN	47	13	16380	José compra toda a terra do Egito para Faraó	
GEN	48	1	16666	Jacó adoece	
GEN	48	11	16760	Jacó abençoa José e os filhos deste	
GEN	49	1	16937	Bênçãos proféticas de Jacó	
GEN	50	15	17470	A magnanimidade de José para com seus irmãos	
GEN	50	23	17569	A morte de José	
HAB	1	1	273360	A iniquidade de Judá	
HAB	1	5	273400	Judá será castigado pelos caldeus	
HAB	1	13	273472	A intercessão do profeta	
HAB	2	1	273567	A resposta do Senhor	
HAB	2	6	273627	Cinco ais sobre os caldeus	
HAB	3	1	273808	A oração de Habacuque	
HAG	1	1	274866	Ageu exorta o povo a reedificar o templo	
HAG	1	12	274970	O povo atende ao Senhor	
HAG	2	1	275051	A glória do segundo templo	
HAG	2	10	275143	Repreendida a infidelidade do povo	
HAG	2	20	275292	A promessa do Senhor a Zorobabel	
HEB	1	1	357764	A revelação de Deus	
HEB	2	1	357935	O perigo da negligência	
HEB	4	1	358361	A entrada no descanso de Deus pela fé	
HEB	5	11	358687	Os cristãos hebreus não tinham progredido	
HEB	6	1	358760	Exortação ao progresso na fé	
HEB	6	4	358784	Os perigos espirituais	
HEB	6	13	358909	A imutabilidade da promessa de Deus	
HEB	7	1	358983	Melquisedeque, tipo de Cristo	
HEB	7	20	359235	Cristo, sacerdote único e perfeito	
HEB	9	11	359669	O sacrifício de Cristo não se repete, é perfeito e eficaz	
HEB	10	26	360198	O castigo do pecado voluntário	
HEB	11	1	360361	A natureza da fé	
HEB	12	14	360989	A exortação à paz e à pureza	
HEB	12	18	361037	O contraste entre Sinai e Sião	
HEB	13	1	361202	Os deveres sociais	
HEB	13	7	361287	Os deveres espirituais	
HEB	13	18	361393	Algumas recomendações pessoais	
ISA	1	1	206158	A nação pecaminosa	
ISA	1	10	206248	Condenado o culto hipócrita	
ISA	1	18	206363	O convite da graça	
ISA	2	1	206538	A glória futura do Israel espiritual	Miqueias 4.1-5
ISA	2	6	206596	Abatido o orgulho dos homens	
ISA	3	1	206794	Julgamento de Judá e de Jerusalém	
ISA	3	16	206924	Julgamento das filhas de Sião	
ISA	4	2	207061	O reinado do Renovo do Senhor	
ISA	5	1	207158	A parábola da vinha má	
ISA	5	8	207238	Ais contra os perversos	
ISA	6	1	207520	A visão de Isaías e o seu chamamento	
ISA	7	1	207677	Profecia contra Israel e a Síria	
ISA	7	10	207796	A promessa a respeito de Emanuel	
ISA	7	17	207852	Males sobre Jerusalém	
ISA	8	1	207977	A invasão dos assírios	
ISA	8	9	208039	O Senhor é a nossa esperança	
ISA	9	1	208244	O nascimento e o reino do Príncipe da Paz	
ISA	9	8	208367	Profecia contra o reino de Israel	
ISA	10	5	208572	Profecia contra a Assíria	
ISA	11	1	208940	O reinado pacífico do rebento de Jessé	
ISA	11	11	209061	A nova glória de Israel	
ISA	12	1	209162	Canto de louvor pela restauração de Israel	
ISA	13	1	209216	Profecia contra a Babilônia	
ISA	14	24	209753	Profecia contra os assírios	
ISA	14	28	209826	Profecia contra os filisteus	
ISA	15	1	209880	Profecia contra Moabe	
ISA	17	1	210200	Profecia contra Damasco e Efraim	
ISA	18	1	210369	Profecia contra a Etiópia	
ISA	19	1	210494	Profecia contra o Egito	
ISA	21	1	210852	Profecia contra a Babilônia	
ISA	21	11	210981	Profecia contra Dumá	
ISA	21	13	211007	Profecia contra a Arábia	
ISA	22	1	211061	Profecia contra Jerusalém	
ISA	22	15	211238	Sebna é degradado. Eliaquim é exaltado	
ISA	23	1	211387	Profecia contra Tiro	
ISA	24	14	211739	A alegria dos justos	
ISA	24	17	211765	A ruína dos transgressores	
ISA	25	1	211870	Cântico de louvor pela misericórdia divina	
ISA	26	1	212013	Cântico de confiança na proteção divina	
ISA	27	1	212226	Deus ama ao seu povo e o salva	
ISA	28	1	212405	Será castigada a impenitência de Efraim	
ISA	28	7	212504	Contra os habitantes de Jerusalém	
ISA	28	23	212727	Deus é grande em sabedoria	
ISA	29	1	212826	Jerusalém e seus inimigos	
ISA	29	17	213039	A redenção de Israel	
ISA	30	1	213170	Contra a aliança com o Egito	
ISA	30	18	213363	Promessas consoladoras para Sião	
ISA	30	27	213498	O julgamento da Assíria	
ISA	31	1	213590	O Egito é homem e não deus	
ISA	32	1	213731	O reinado do justo Rei	
ISA	33	1	213983	A aflição e o livramento de Jerusalém	
ISA	34	1	214254	A indignação de Deus contra as nações	
ISA	35	1	214496	A felicidade na Sião futura	
ISA	36	2	214586	Senaqueribe invade Judá	
ISA	37	2	214892	Ezequias consulta a Isaías	
ISA	37	2	215013	A carta do rei da Assíria	
ISA	37	2	215073	A oração de Ezequias	
ISA	37	2	215160	O profeta conforta a Ezequias	
ISA	38	2	215383	A doença de Ezequias e a sua cura maravilhosa	
ISA	38	9	215480	Cântico de Ezequias	
ISA	39	2	215651	A embaixada da Babilônia	
ISA	40	1	215780	O Senhor vem	
ISA	40	12	215868	A majestade do Senhor	
ISA	41	1	216110	Deus suscita o Redentor	
ISA	41	21	216321	O Senhor prova a sua grandeza	
ISA	42	1	216450	O Servo do Senhor	
ISA	42	18	216655	Lamento sobre a cegueira de Israel	
ISA	43	1	216770	Só Deus resgata Israel	
ISA	43	14	216915	Libertação do jugo da Babilônia	
ISA	43	22	216993	A misericórdia do Senhor	
ISA	44	1	217094	O Senhor é o único Deus	
ISA	44	9	217190	A loucura da idolatria	
ISA	44	21	217385	A promessa de livramento	
ISA	45	1	217516	Ciro, o libertador de Israel	
ISA	45	8	217633	O Senhor é o Criador	
ISA	45	19	217808	O Senhor e os ídolos	
ISA	46	1	217892	A queda dos ídolos da Babilônia	
ISA	47	1	218065	A queda de Babilônia	
ISA	48	1	218313	Repreendida a infidelidade de Israel	
ISA	49	1	218562	O Servo do Senhor é a luz dos gentios	
ISA	49	8	218663	Prometida a restauração de Israel	
ISA	50	1	218904	O Servo do Senhor, ultrajado mas fiel	
ISA	51	1	219075	Palavra de conforto para Sião	
ISA	52	13	219540	O sofrimento vicário do Servo do Senhor	
ISA	54	1	219749	O futuro glorioso de Sião	
ISA	55	1	219993	Graça oferecida gratuitamente a todos	
ISA	56	1	220150	A vocação dos gentios	
ISA	56	9	220269	Ai dos guias cegos de Israel!	
ISA	57	1	220321	Condenada a idolatria de Israel	
ISA	57	14	220500	Mensagem de paz para os arrependidos	
ISA	58	1	220580	Observância devida do jejum	
ISA	59	1	220834	Confissão da maldade nacional	
ISA	60	1	221093	A glória da nova Jerusalém	
ISA	61	1	221395	As boas-novas da salvação	
ISA	62	1	221550	Jerusalém, a noiva do Senhor	
ISA	63	1	221707	Deus vinga o seu povo	
ISA	63	7	221804	A última oração do profeta	
ISA	65	1	222152	A resposta de Deus: rejeitados os rebeldes	
ISA	65	17	222351	Novos céus e nova terra	
ISA	66	10	222572	A felicidade eterna de Sião	
JAS	1	1	361541	Prefácio e saudação	
JAS	1	2	361551	Os benefícios das provações	
JAS	1	5	361577	Como obter a sabedoria	
JAS	1	12	361649	A origem do pecado	
JAS	1	16	361720	A origem do bem	
JAS	1	19	361744	A prática da palavra de Deus	
JAS	2	1	361820	Não se deve fazer acepção de pessoas	
JAS	2	14	361983	A fé sem obras é morta	
JAS	3	1	362118	Os pecados da língua e o dever de refreá-la	
JAS	3	13	362279	A sabedoria lá do alto	
JAS	4	1	362368	A origem das contendas	
JAS	4	11	362456	A maledicência é condenada	
JAS	4	13	362478	A falibilidade dos projetos humanos	
JAS	5	7	362605	A necessidade, bênçãos e exemplo da paciência	
JER	1	1	222839	A vocação de Jeremias	
JER	1	11	222933	A visão da vara de amendoeira	
JER	1	13	222949	A visão da panela ao fogo	
JER	2	1	223048	O amor de Deus e a rebeldia do povo	
JER	2	9	223175	Perfídia sem exemplo	
JER	2	20	223285	Israel adorou a Baal	
JER	3	14	223758	O povo exortado a arrepender-se	
JER	4	5	223953	Vem do Norte o mal	
JER	5	1	224285	Os pecados de Jerusalém e de Judá	
JER	6	1	224700	Jerusalém será sitiada	
JER	6	22	224947	O inimigo do Norte	
JER	6	27	225034	O trabalho inútil de Jeremias	
JER	7	1	225076	O templo não protege a nação iníqua	
JER	7	29	225418	Judá rejeitado por Deus	
JER	8	4	225567	O castigo é inevitável	
JER	9	7	225903	Ameaças de ruína e exílio	
JER	10	1	226185	Contraste entre o Senhor e os ídolos	
JER	10	17	226376	Lamento sobre a desolação de Judá	
JER	11	1	226491	A aliança é violada	
JER	11	18	226710	Conspiração contra Jeremias	
JER	12	1	226799	A queixa de Jeremias	
JER	12	5	226853	A resposta de Deus	
JER	12	14	226982	As finalidades do castigo de Deus	
JER	13	1	227040	O cinto de linho	
JER	13	12	227173	O jarro quebrado	
JER	13	15	227207	Apelo e ameaças finais	
JER	14	1	227378	Grande seca em Judá	
JER	14	19	227642	Jeremias	
JER	15	10	227825	O Senhor conforta ao seu profeta	
JER	16	1	227982	A vida solitária do profeta, figura do povo	
JER	17	1	228248	O pecado engana e destrói	
JER	17	19	228455	A santificação do sábado	
JER	18	1	228604	O vaso do oleiro	
JER	18	18	228781	O profeta ora contra seus inimigos	
JER	19	1	228886	A botija quebrada	
JER	20	7	229175	O lamento do profeta	
JER	21	1	229344	Nabucodonosor	
JER	22	1	229556	Profecia contra a casa real de Judá	
JER	22	10	229644	Contra Salum, rei de Judá	
JER	22	13	229676	Contra Jeoaquim, rei de Judá	
JER	22	24	229833	Contra Jeconias, rei de Judá	
JER	23	1	229940	Profecia contra os maus pastores	
JER	23	5	229978	Profecia sobre o Renovo de Davi	Jeremias 33.14-16
JER	23	9	230053	Contra os falsos profetas	
JER	24	1	230475	A visão dos dois cestos de figos	
JER	25	1	230626	Setenta anos de cativeiro	
JER	25	15	230799	O cálice da ira de Deus contra as nações	
JER	26	1	231079	Jeremias ameaçado de morte	
JER	26	20	231312	A execução do profeta Urias	
JER	27	1	231393	Os canzis simbólicos	
JER	28	1	231717	A luta de Jeremias com o falso profeta Hananias	
JER	29	1	231924	A carta de Jeremias aos cativos da Babilônia	
JER	30	1	232371	Deus promete trazer do cativeiro o seu povo	
JER	31	1	232634	Lamento transformado em júbilo	
JER	31	31	233013	Firmada nova aliança com Israel	
JER	32	1	233129	Jeremias compra um campo em Anatote	
JER	32	26	233443	A resposta de Deus	
JER	33	1	233691	Promessas de paz e prosperidade	
JER	34	1	234083	Prediz-se a sorte de Zedequias	
JER	34	8	234192	As ameaças de Deus por causa da escravatura	
JER	35	1	234425	A fidelidade dos recabitas	
JER	36	1	234717	O rolo de Jeremias é lido no templo	
JER	36	11	234872	O rolo é lido diante dos príncipes	
JER	36	20	234952	O rei lança o rolo no fogo	
JER	36	27	235063	Baruque reescreve o rolo	
JER	37	1	235145	Jeremias na prisão	
JER	38	1	235415	O etíope Ebede-Meleque salva Jeremias da cisterna	
JER	38	14	235580	Zedequias consulta o profeta	
JER	39	2	235769	Nabucodonosor toma Jerusalém	
JER	39	11	235912	Nabucodonosor cuida de Jeremias	
JER	40	13	236266	Ismael conspira contra Gedalias	
JER	41	11	236457	Joanã livra os cativos	
JER	43	8	236976	Nabucodonosor	
JER	44	15	237268	Jeremias é contraditado	
JER	44	20	237375	Jeremias prediz castigo	
JER	45	1	237590	A mensagem de Jeremias a Baruque	
JER	46	1	237640	Profecia a respeito do Egito	
JER	47	1	238012	Profecia a respeito dos filisteus	
JER	48	1	238123	Profecia a respeito de Moabe	
JER	49	1	238676	Profecia a respeito dos amonitas	
JER	49	7	238767	Profecia a respeito dos edomitas	
JER	49	14	238839	Os pecados e o castigo de Edom	
JER	49	23	238986	Profecia a respeito de Damasco	
JER	49	28	239032	Profecia a respeito da Arábia	
JER	49	34	239127	Profecia a respeito dos elamitas	
JER	50	1	239181	Profecia a respeito da Babilônia	
JER	51	1	239845	O poder e a queda da Babilônia	
JER	52	2	240658	A queda de Jerusalém e o cativeiro de Judá	
JER	52	2	241042	Libertado e honrado o rei Joaquim	
JHN	1	1	312304	A encarnação do Verbo	
JHN	1	15	312410	O testemunho de João Batista	
JHN	1	19	312473	João Batista repete o seu testemunho	Mateus 3.1-12; Marcos 1.2-8; Lucas 3.1-18
JHN	1	29	312547	João Batista torna a repetir o seu testemunho	
JHN	1	32	312577	O batismo de Jesus	Mateus 3.13-17; Marcos 1.9-11; Lucas 3.21-22
JHN	1	35	312648	Dois discípulos de João Batista seguem Jesus	(Mt 4.18-22; Mc 1.16-20; Lc 5.1-11)
JHN	1	43	312724	Filipe e Natanael	
JHN	2	1	312839	As bodas em Caná da Galileia	
JHN	2	13	312943	Jesus purifica o templo	
JHN	2	23	313060	Muitos creem em Jesus	
JHN	3	1	313090	Nicodemos visita a Jesus	
JHN	3	16	313229	A missão do Filho	
JHN	3	22	313316	Outro testemunho de João Batista	
JHN	3	31	313396	O Filho em relação ao mundo	
JHN	4	1	313479	A mulher de Samaria	
JHN	4	19	313652	A verdadeira adoração	
JHN	4	31	313754	A ceifa e os ceifeiros	
JHN	4	39	313849	Muitos samaritanos creem em Jesus	
JHN	4	43	313885	Jesus volta à Galileia	
JHN	4	46	313907	A cura do filho de um oficial do rei	
JHN	5	1	314008	A cura de um paralítico	
JHN	5	19	314193	Jesus explica a sua missão	
JHN	6	1	314505	A multiplicação de pães e peixes	Mateus 14.13-21; Marcos 6.30-44; Lucas 9.10-17                                    (Mt 14.13-21; Mc 6.30-44; Lc 9.10-17)
JHN	6	16	314666	Jesus anda por sobre o mar	Mateus 14.22-33; Marcos 6.45-52                                                   (Mt 14.22-36; Mc 6.45-56)
JHN	6	22	314722	Jesus, o pão da vida	
JHN	6	41	314942	A murmuração dos judeus	
JHN	6	60	315121	Os discípulos escandalizados	
JHN	6	66	315173	Muitos discípulos se retiram	
JHN	7	1	315254	A incredulidade dos irmãos de Jesus	
JHN	7	10	315326	Jesus na Festa dos Tabernáculos	
JHN	7	14	315358	A controvérsia entre Jesus e os judeus	
JHN	7	25	315473	Os guardas mandados para prender Jesus	
JHN	7	37	315624	Jesus, a fonte da água viva	
JHN	7	45	315694	Os guardas voltam sem Jesus	
JHN	8	1	315785	A mulher adúltera	
JHN	8	12	315914	Jesus, a luz do mundo	
JHN	9	1	316427	A cura de um cego de nascença	
JHN	9	13	316525	Os fariseus interrogam o cego	
JHN	9	35	316765	Jesus revela-se ao cego	
JHN	10	1	316823	Jesus, o bom pastor	
JHN	10	19	317000	Nova dissensão entre os judeus	
JHN	10	22	317055	A Festa da Dedicação. Jesus é interrogado	
JHN	11	1	317246	A ressurreição de Lázaro	
JHN	11	47	317656	O plano para tirar a vida de Jesus	
JHN	12	1	317807	Jesus ungido por Maria em Betânia	Mateus 26.6-13; Marcos 14.3-9                                                   (Mt 26.6-13; Mc 14.3-9)
JHN	12	9	317906	O plano para tirar a vida de Lázaro	
JHN	12	12	317932	A entrada triunfal de Jesus em Jerusalém	Mateus 21.1-11; Marcos 11.1-11; Lucas 19.28-40                                       (Mt 21.1-11; Mc 11.1-11; Lc 19.28-40)
JHN	12	20	318033	Alguns gregos desejam ver Jesus	
JHN	12	37	318194	A explicação da incredulidade dos judeus	
JHN	12	44	318246	O resumo do ensino de Jesus	
JHN	13	1	318339	Jesus lava os pés aos discípulos	
JHN	13	12	318433	Uma lição de humildade	
JHN	13	21	318546	O traidor indicado	
JHN	13	31	318640	O novo mandamento	(Mt 26.31-35; Mc 14.27-31; Lc 22.31-34)
JHN	13	36	318715	Pedro é avisado	Mateus 26.31-35; Marcos 14.27-31; Lucas 22.31-34
JHN	14	1	318749	Jesus conforta os discípulos	
JHN	14	16	318918	Jesus promete outro Consolador	
JHN	15	1	319077	A videira e os ramos	
JHN	16	1	319369	A missão do Consolador	
JHN	16	25	319622	Palavras de despedida	
JHN	17	1	319731	A oração sacerdotal de Jesus	
JHN	18	1	320025	Jesus no Getsêmani	Mateus 26.47-56; Marcos 14.43-50; Lucas 22.47-53                                   (Mt 26.47-56; Mc 14.43-50; Lc 22.47-53)
JHN	18	12	320160	Jesus perante Anás	
JHN	18	15	320186	Pedro nega a Jesus	Mateus 26.69-75; Marcos 14.66-72; Lucas 22.55-62                                    (Mt 26.69,70; Mc 14.66-68; Lc 22.54-57)
JHN	18	19	320238	Anás interroga a Jesus	
JHN	18	25	320282	De novo, Pedro nega a Jesus	(Mt 26.71-75; Mc 14.69-72; Lc 22.58-62)
JHN	18	28	320343	Jesus perante Pilatos	Mateus 27.1-2; Marcos 15.1; Lucas 23.1
JHN	18	33	320391	Pilatos interroga a Jesus	Mateus 27.11-26; Marcos 15.1-15; Lucas 23.1-7,13-25
JHN	19	17	320679	A crucificação	Mateus 27.33-44; Marcos 15.22-32; Lucas 23.33-43                                  (Mt 27.32-44; Mc 15.21-32; Lc 23.26-43)
JHN	19	23	320739	Os soldados deitam sortes	
JHN	19	28	320822	A morte de Jesus	Mateus 27.45-56; Marcos 15.33-41; Lucas 23.44-49                                  (Mt 27.45-56; Mc 15.33-41; Lc 23.44-49)
JHN	19	38	320934	O sepultamento de Jesus	Mateus 27.57-61; Marcos 15.42-47; Lucas 23.50-56                                  (Mt 27.57-61; Mc 15.42-47; Lc 23.50-56)
JHN	20	1	321033	A ressurreição de Jesus	Mateus 28.1-10; Marcos 16.1-8; Lucas 24.1-12                                         (Mt 28.1-10; Mc 16.1-8; Lc 24.1-12)
JHN	20	11	321127	Jesus aparece a Maria Madalena	Marcos 16.9-11
JHN	20	19	321238	Jesus aparece aos discípulos	Lucas 24.36-43                                                                (Lc 24.36-49)
JHN	20	24	321290	A incredulidade de Tomé	
JHN	20	30	321381	O objetivo deste Evangelho	
JHN	21	1	321409	Jesus aparece a sete discípulos	
JHN	21	15	321562	Pedro é interrogado	
JHN	21	24	321703	O testemunho de João	
JOB	1	1	160828	A virtude e riqueza de Jó	
JOB	1	13	160936	As aflições e a paciência de Jó	
JOB	3	1	161254	Jó amaldiçoa o seu nascimento	
JOB	4	1	161488	Elifaz repreende a Jó	
JOB	6	1	161872	Jó justifica as suas queixas	
JOB	7	1	162136	Jó contende com Deus	
JOB	8	1	162327	Bildade afirma a justiça de Deus	
JOB	9	1	162545	Jó é incapaz de responder a Deus	
JOB	11	1	163044	Zofar acusa a Jó de iniquidade	
JOB	12	1	163211	Jó se defende das acusações de seus amigos	
JOB	13	1	163414	Jó defende a sua integridade	
JOB	15	1	163853	Elifaz acusa a Jó de impiedade	
JOB	16	1	164147	Jó se queixa do trato de Deus	
JOB	17	1	164338	Jó nada mais espera desta vida	
JOB	18	1	164485	Bildade descreve a sorte do perverso	
JOB	20	1	164924	Zofar descreve as calamidades dos perversos	
JOB	21	1	165165	Jó descreve a prosperidade dos perversos	
JOB	22	1	165461	Elifaz acusa a Jó de grandes pecados	
JOB	23	1	165717	Jó deseja apresentar-se perante Deus	
JOB	26	1	166160	Jó afirma a soberania de Deus	
JOB	27	1	166281	Jó descreve a sorte dos perversos	
JOB	30	1	166925	Jó lamenta a miséria em que caiu	
JOB	31	1	167196	Jó declara sua integridade	
JOB	32	1	167581	Eliú irado contra Jó e seus três amigos	
JOB	33	1	167778	Eliú repreende a Jó	
JOB	34	1	168066	Eliú justifica a Deus	
JOB	36	24	168726	Eliú exalta a majestade de Deus	
JOB	38	1	169024	O Senhor convence a Jó de ignorância	
JOB	40	3	169638	A resposta humilde de Jó	
JOB	42	1	170123	A confissão de Jó	
JOB	42	7	170165	Deus repreende os três amigos de Jó	
JOB	42	10	170252	Deus restaura a prosperidade de Jó	
JOL	2	12	267885	A misericórdia do Senhor	
JOL	2	28	268106	Promessa do derramamento do Espírito	
JOL	3	1	268191	Os juízos de Deus sobre as nações inimigas	
JOL	3	18	268396	A restauração de Israel	
JON	1	1	270719	A vocação de Jonas, a sua fuga e o seu castigo	
JON	2	1	270944	A oração de Jonas no ventre do peixe	
JON	3	1	271061	Jonas prega em Nínive	
JON	3	5	271099	O arrependimento dos ninivitas	
JON	4	1	271169	O descontentamento de Jonas	
JON	4	6	271246	A lição do Senhor	
JON	4	1	271351	Miqueias	
JON	4	1	271359	Ameaças contra Israel e Judá	
JON	4	1	271578	Ai dos opressores gananciosos	
JON	4	6	271630	Contra os falsos profetas	
JON	4	12	271711	O Senhor congrega o restante de Israel	
JON	4	1	271900	O anúncio do chamamento dos gentios	Isaías 2.1-4
JON	4	2	272105	O nascimento do Messias e o seu reinado	
JON	4	1	272284	Deus e seu povo em juízo	
JON	4	9	272387	A injustiça terá seu castigo	
JON	4	1	272494	A corrupção moral de Israel	
JON	4	8	272568	O Senhor se compadece de Israel	
JOS	1	1	70650	Deus fala a Josué e anima-o	
JOS	1	10	70736	Preparação para atravessar o Jordão	
JOS	2	1	70873	Espias mandados a Jericó. Raabe	
JOS	3	1	71197	A passagem do Jordão	
JOS	4	1	71430	As doze pedras tiradas do meio do Jordão	
JOS	5	1	71748	A circuncisão dos filhos de Israel	
JOS	5	10	71923	Celebra-se a Páscoa	
JOS	5	13	71953	Deus aparece a Josué	
JOS	6	1	72036	A destruição de Jericó	
JOS	6	22	72325	Raabe é salva	
JOS	7	1	72444	Os israelitas derrotados em Ai. Acã	
JOS	8	1	72800	Ai é destruída	
JOS	8	30	73136	Renovação da aliança	
JOS	9	1	73251	O estratagema dos gibeonitas	
JOS	10	1	73573	Gibeão sitiada por cinco reis	
JOS	10	6	73643	Josué socorre a Gibeão	
JOS	10	12	73740	O sol e a lua são detidos	
JOS	10	16	73778	Josué prende os cinco reis e mata-os	
JOS	10	28	73931	Josué vence mais sete reis	
JOS	11	1	74120	Outras vitórias de Josué	
JOS	12	1	74428	Os reis vencidos por Moisés	
JOS	12	7	74537	Os reis vencidos por Josué	
JOS	13	1	74676	As terras ainda não conquistadas	
JOS	14	1	75068	A terra de Canaã distribuída por sorte	
JOS	14	6	75112	Josué dá Hebrom a Calebe	
JOS	15	13	75422	Calebe conquista Hebrom	Juízes 1.11-15
JOS	15	20	75527	As cidades de Judá	
JOS	16	1	75788	A herança de Efraim	
JOS	17	1	75907	A herança da meia tribo de Manassés	
JOS	18	1	76177	O resto da terra dividido em sete partes	
JOS	18	11	76308	A herança de Benjamim	
JOS	18	21	76426	As cidades de Benjamim	
JOS	19	1	76519	A herança de Simeão	
JOS	19	10	76583	A herança de Zebulom	
JOS	19	17	76672	A herança de Issacar	
JOS	19	24	76718	A herança de Aser	
JOS	19	32	76815	A herança de Naftali	
JOS	19	40	76881	A herança de Dã	
JOS	19	49	76937	A herança de Josué	
JOS	20	1	77014	Estabelecem-se as cidades de refúgio	
JOS	21	1	77167	As cidades dos levitas	
JOS	22	10	77760	O altar junto ao Jordão	
JOS	24	1	78424	Josué despede-se do povo	
JOS	24	14	78597	Renovação da aliança	
JOS	24	26	78770	A pedra-testemunha	
JOS	24	29	78802	A morte de Josué e de Eleazar	Juízes 2.6-9
JUD	1	1	366710	Prefácio e saudação	
JUD	1	3	366730	É dever cristão pelejar pela fé	
JUD	1	5	366768	Exemplos da punição dos ímpios	
JUD	1	17	366931	A profecia apostólica. Exortações	
JUD	1	24	366991	A doxologia	
LAM	1	2	241170	Jerusalém destruída e desolada	
LAM	4	1	242397	Os sofrimentos do cerco	
LAM	5	1	242691	Os fiéis pedem misericórdia	
LEV	1	1	32277	Os holocaustos	
LEV	2	1	32462	As ofertas de manjares	
LEV	3	1	32651	Os sacrifícios pacíficos	
LEV	5	1	33303	O sacrifício pelos pecados ocultos	
LEV	5	14	33496	O sacrifício pelo sacrilégio	
LEV	6	8	33679	A lei do holocausto	
LEV	6	14	33766	A lei da oferta de manjares	
LEV	6	24	33882	A lei da oferta pelo pecado	
LEV	7	1	33983	A lei da oferta pela culpa	
LEV	7	6	34017	O  sacerdote  o  queimará  sobre  o  altar  em  oferta	
LEV	7	11	34102	A lei das ofertas pacíficas	
LEV	7	22	34216	Deus proíbe comer gordura e sangue	
LEV	7	28	34295	A porção dos sacerdotes	
LEV	8	1	34432	A consagração de Arão e de seus filhos	Êxodo 29.1-37
LEV	9	1	34828	Arão oferece sacrifícios por si e pelo povo	
LEV	10	1	35106	Nadabe e Abiú morrem diante do SENHOR	
LEV	10	8	35184	Deveres e porções dos sacerdotes	
LEV	11	1	35404	Leis sobre os animais limpos e os imundos	Deuteronômio 14.3-20
LEV	12	1	35875	A purificação da mulher depois do parto	
LEV	13	1	35967	As leis acerca da lepra	
LEV	14	1	36682	A lei acerca do leproso depois de sarado	
LEV	14	33	37106	A lei acerca da lepra numa casa	
LEV	15	1	37366	Imundícias do homem e da mulher	
LEV	16	1	37774	O Dia da Expiação	
LEV	16	15	37973	O sacrifício pelo povo	
LEV	16	29	38152	A Festa anual das Expiações	
LEV	17	1	38243	Leis referentes à matança dos animais	
LEV	17	10	38352	A proibição de comer sangue	
LEV	18	1	38442	Casamentos ilícitos	
LEV	18	19	38635	Uniões abomináveis	
LEV	19	1	38782	A repetição de diversas leis	
LEV	19	35	39154	Pesos e medidas justos	Deuteronômio 25.13-16
LEV	20	1	39217	As penas de diversos crimes	
LEV	21	1	39561	Leis para os sacerdotes	
LEV	22	17	40034	Os animais sacrificados devem ser sem defeito	
LEV	23	1	40229	As festas solenes do SENHOR	
LEV	23	3	40245	O Sábado	Êxodo 23.12
LEV	23	4	40261	A Páscoa	Êxodo 23.14,15; 34.18; Deuteronômio 16.1-8
LEV	23	9	40311	As Primícias	Êxodo 23.16; 34.22,26
LEV	23	15	40414	O Pentecostes	Deuteronômio 16.9-12
LEV	23	26	40581	O Dia da Expiação	
LEV	23	33	40643	A Festa dos Tabernáculos	
LEV	24	1	40784	O azeite para o candelabro	Êxodo 27.20,21
LEV	24	5	40828	O pão para a mesa do SENHOR	
LEV	24	10	40907	A pena do pecado de blasfêmia	
LEV	25	1	41062	O Ano de Descanso	Êxodo 23.10,11
LEV	25	8	41130	O Ano do Jubileu	
LEV	25	35	41460	Leis a favor dos pobres	Deuteronômio 15.7-11
LEV	25	39	41504	Leis a favor dos escravos	
LEV	26	1	41750	Admoestação contra a idolatria	
LEV	26	14	41915	Os castigos da desobediência	Deuteronômio 28.15-68
LEV	27	1	42323	Votos particulares e a avaliação deles	
LEV	27	30	42655	Sobre as dízimas	
LUK	1	1	299171	Prefácio	
LUK	1	5	299215	Zacarias e Isabel	
LUK	1	24	299410	A felicidade de Isabel	
LUK	1	26	299432	Predito o nascimento de Jesus	
LUK	1	39	299555	Maria visita a Isabel	
LUK	1	46	299611	O cântico de Maria	
LUK	1	57	299716	O nascimento de João Batista	
LUK	1	67	299815	O cântico de Zacarias	
LUK	2	1	299917	O nascimento de Jesus Cristo	Mateus 1.18-25                                                                  (Mt 1.18-25)
LUK	2	8	300004	Os anjos e os pastores	
LUK	2	21	300137	A circuncisão de Jesus	
LUK	2	25	300183	O cântico de Simeão	
LUK	2	36	300288	A profetisa Ana	
LUK	2	39	300316	O menino Jesus em Nazaré	
LUK	2	41	300334	O menino Jesus no meio dos doutores	
LUK	3	1	300459	A pregação de João Batista	Mateus 3.1-10; Marcos 1.2-5                                                      (Mt 3.1-12; Mc 1.2-8)
LUK	3	15	300624	João dá testemunho de Jesus	Mateus 3.11-12; Marcos 1.7-8; João 1.19-27
LUK	3	21	300698	O batismo de Jesus	Mateus 3.13-17; Marcos 1.9-11; João 1.32-34                                            (Mt 3.13-17; Mt 1.1-17; Mc 1.9-11)
LUK	3	23	300718	A genealogia de Jesus Cristo	Mateus 1.1-16
LUK	4	1	300875	A tentação de Jesus	Mateus 4.1-11; Marcos 1.12-13                                                      (Mt 4.1-11; Mc 1.12,13)
LUK	4	14	300998	Jesus volta para a Galileia e principia a sua missão	Mateus 4.12-17; Marcos 1.14-15
LUK	4	31	301191	A cura de um endemoninhado em Cafarnaum	Marcos 1.21-28                                                                (Mc 1.21-28)
LUK	4	38	301286	A cura da sogra de Pedro	Mateus 8.14-15; Marcos 1.29-31                                                         (Mt 8.14-17; Mc 1.29-34)
LUK	4	40	301312	Muitas outras curas	Mateus 8.16-17; Marcos 1.32-34
LUK	4	42	301338	Jesus vai a um lugar deserto	Marcos 1.35-39
LUK	5	1	301370	A pesca maravilhosa	Mateus 4.18-22; Marcos 1.16-20                                                  (Mt 4.18-22; Mc 1.16-20; Jo 1.35-42)
LUK	5	12	301501	A cura de um leproso	Mateus 8.1-4; Marcos 1.40-45                                                     (Mt 8.1-4; Mc 1.40-45)
LUK	5	17	301551	A cura de um paralítico em Cafarnaum	Mateus 9.1-8; Marcos 2.1-12                                                     (Mt 9.1-8; Mc 2.1-12)
LUK	5	27	301682	A vocação de Levi	Mateus 9.9; Marcos 2.13-14                                                       (Mt 9.9-13; Mc 2.13-17)
LUK	5	29	301704	Jesus come com pecadores	Mateus 9.10-13; Marcos 2.15-17
LUK	5	33	301746	Do jejum	Mateus 9.14-17; Marcos 2.18-22                                                     (Mt 9.14-17; Mc 2.18-22)
LUK	6	1	301843	Jesus é senhor do sábado	Mateus 12.1-8; Marcos 2.23-28                                                      (Mt 12.1-14; Mc 2.23–3.6)
LUK	6	6	301887	O homem da mão ressequida	Mateus 12.9-14; Marcos 3.1-6
LUK	6	12	301978	A escolha dos doze apóstolos. Os seus nomes	Mateus 10.1-4; Marcos 3.13-19                                                              (Mc 3.13-19)
LUK	6	17	302020	Jesus cura muitos enfermos	Mateus 4.23-25
LUK	6	20	302050	As bem-aventuranças	Mateus 5.1-12
LUK	6	24	302098	Os ais	
LUK	6	27	302161	Da vingança	Mateus 5.38-42                                                                 (Mt 5.38-48)
LUK	6	32	302199	Do amor ao próximo	Mateus 5.43-48
LUK	6	37	302265	O juízo temerário é proibido	Mateus 7.1-5                                                                   (Mt 7.1-6)
LUK	6	43	302374	Árvores e seus frutos	Mateus 12.33-35                                                               (Mt 7.15-20)
LUK	6	46	302414	Os dois fundamentos	Mateus 7.24-27                                                                (Mt 7.24-29)
LUK	7	1	302515	A cura do servo de um centurião	Mateus 8.5-13                                                                   (Mt 8.5-13)
LUK	7	11	302603	A ressurreição do filho da viúva de Naim	
LUK	7	18	302694	João envia mensageiros a Jesus	Mateus 11.2-6                                                                   (Mt 11.1-19)
LUK	7	24	302746	Jesus dá testemunho de João	Mateus 11.7-19
LUK	7	36	302891	A pecadora que ungiu os pés de Jesus	
LUK	8	1	303060	As mulheres que assistiam Jesus	(Mt 13.1-23; Mc 4.1-20)
LUK	8	4	303090	A parábola do semeador	Mateus 13.1-9; Marcos 4.1-9
LUK	8	9	303163	A explicação da parábola	Mateus 13.10-23; Marcos 4.10-20
LUK	8	16	303229	A parábola da candeia	Marcos 4.21-25                                                                  (Mc 4.21-25)
LUK	8	19	303265	A família de Jesus	Mateus 12.46-50; Marcos 3.31-35                                                    (Mt 12.46-50; Mc 3.31-35)
LUK	8	22	303301	Jesus acalma uma tempestade	Mateus 8.23-27; Marcos 4.35-41                                                  (Mt 8.23-27; Mc 4.35-41)
LUK	8	26	303376	A cura do endemoninhado geraseno	Mateus 8.28-33; Marcos 5.1-14                                                   (Mt 8.28-34; Mc 5.1-20)
LUK	8	35	303513	Os gerasenos rejeitam Jesus	Mateus 8.34; Marcos 5.14b-20
LUK	8	40	303585	O pedido de Jairo	Mateus 9.18-19; Marcos 5.21-24                                                      (Mt 9.18-26; Mc 5.21-43)
LUK	8	43	303617	A cura de uma mulher enferma	Mateus 9.20-22; Marcos 5.24b-34
LUK	8	49	303714	A ressurreição da filha de Jairo	Mateus 9.23-25; Marcos 5.35-43
LUK	9	1	303794	As instruções para os doze	Mateus 10.1,5-15; Marcos 6.7-13                                                      (Mt 10.5-14; Mc 5.7-13)
LUK	9	7	303883	Herodes e João Batista	Mateus 14.1-12; Marcos 6.14-29
LUK	9	10	303925	A primeira multiplicação de pães e peixes	Mateus 14.13-21; Marcos 6.30-44; João 6.1-13                                        (Mt 14.13-21; Mc 6.30-44; Jo 6.1-15)
LUK	9	18	304009	A confissão de Pedro. Jesus prediz a própria morte	Mateus 16.13-21; Marcos 8.27-31                                                    (Mt 16.13-20; Mc 8.27-30)
LUK	9	28	304140	A transfiguração	Mateus 17.1-8; Marcos 9.2-8                                                       (Mt 17.1-13; Mc 9.2-13)
LUK	9	37	304253	A cura de um jovem possesso	Mateus 17.14-20; Marcos 9.14-29                                                    (Mt 17.14-23; Mc 9.14-32)
LUK	9	44	304335	De novo prediz Jesus a sua morte	Mateus 17.22-23; Marcos 9.30-32
LUK	9	46	304402	O maior no reino dos céus	Mateus 18.1-5; Marcos 9.33-37                                                       (Mt 18.1-5; Mc 9.33-41)
LUK	9	51	304452	Os samaritanos não recebem Jesus	
LUK	9	57	304502	Jesus põe à prova os que queriam segui-lo	Mateus 8.18-22                                                                   (Mt 8.19-22)
LUK	10	1	304589	A missão dos setenta	
LUK	10	13	304675	Ai das cidades impenitentes!	Mateus 11.20-24
LUK	10	17	304764	O regresso dos setenta	
LUK	10	21	304798	Jesus, o Salvador dos humildes	Mateus 11.25-27
LUK	10	25	304844	O bom samaritano	
LUK	10	38	305007	Marta e Maria	
LUK	11	1	305106	A oração dominical	Mateus 6.9-15                                                                (Mt 6.5-15;  7.7-12)
LUK	11	5	305140	A parábola do amigo importuno	
LUK	11	9	305176	Jesus incita a orar	Mateus 7.7-11
LUK	11	24	305343	A estratégia de Satanás	Mateus 12.43-45
LUK	11	27	305402	A exclamação de uma mulher	
LUK	11	29	305428	O sinal de Jonas	Mateus 12.38-42                                                               (Mt 12.38-42)
LUK	11	33	305474	A parábola da candeia	Mateus 6.22-23
LUK	11	37	305538	Jesus censura os fariseus	
LUK	11	45	305639	Ai dos intérpretes da Lei!	
LUK	11	53	305760	O plano para tirar a vida de Jesus	
LUK	12	1	305784	O fermento dos fariseus. Algumas admoestações	
LUK	12	13	305937	Jesus reprova a avareza	
LUK	12	22	306019	A ansiosa solicitude pela vida	Mateus 6.25-34                                                                (Mt 6.25-34)
LUK	12	35	306156	A parábola do servo vigilante	
LUK	12	49	306317	Jesus traz fogo e dissensão à terra	
LUK	12	54	306363	Os sinais dos tempos	
LUK	13	1	306450	A morte dos galileus e a queda da torre de Siloé	
LUK	13	6	306504	A parábola da figueira estéril	
LUK	13	10	306550	A cura de uma enferma	
LUK	13	18	306661	A parábola do grão de mostarda	Mateus 13.31-32; Marcos 4.30-32                                                    (Mt 13.31-35; Mc 4.30-34)
LUK	13	20	306681	A parábola do fermento	Mateus 13.33
LUK	13	22	306705	A porta estreita	
LUK	13	31	306814	Jerusalém	Mateus 23.37-39                                                              (Mt 23.37-39)
LUK	14	1	306876	A cura de um hidrópico	
LUK	14	7	306959	Os primeiros lugares	
LUK	14	15	307049	A parábola da grande ceia	
LUK	14	25	307162	O serviço de Cristo exige abnegação	
LUK	14	34	307277	Os discípulos, sal da terra	Mateus 5.13; Marcos 9.50
LUK	15	1	307307	Jesus recebe pecadores	
LUK	15	3	307325	A parábola da ovelha perdida	Mateus 18.10-14
LUK	15	8	307377	A parábola da dracma perdida	
LUK	15	11	307401	A parábola do filho pródigo	
LUK	16	1	307659	A parábola do administrador infiel	
LUK	16	14	307804	Jesus reprova os fariseus	
LUK	16	18	307850	Acerca do divórcio	Mateus 19.9; Marcos 10.10-12
LUK	16	19	307874	O rico e o mendigo	
LUK	17	1	308021	Os tropeços	Mateus 18.6-7; Marcos 9.42
LUK	17	11	308154	A cura de dez leprosos	
LUK	17	20	308218	A vinda do reino de Deus	
LUK	18	1	308422	A parábola do juiz iníquo	
LUK	18	9	308494	A parábola do fariseu e o publicano	
LUK	18	15	308577	Jesus abençoa as crianças	Mateus 19.13-15; Marcos 10.13-16                                                    (Mt 19.13-15; Mc 10.13-16)
LUK	18	18	308615	O jovem rico	Mateus 19.16-22; Marcos 10.17-22                                                    (Mt 19.16-30; Mc 10.17-31)
LUK	18	24	308669	O perigo das riquezas	Mateus 19.23-30; Marcos 10.23-31
LUK	18	31	308752	Jesus outra vez prediz sua morte e ressurreição	Mateus 20.17-19; Marcos 10.32-34                                                  (Mt 20.17-19; Mc 10.32-34)
LUK	18	35	308796	A cura do cego de Jericó	Mateus 20.29-34; Marcos 10.46-52                                                  (Mt 20.29-34; Mc 10.46-52)
LUK	19	1	308870	Zaqueu, o publicano	
LUK	19	11	308967	A parábola das dez minas	
LUK	19	28	309146	A entrada triunfal de Jesus em Jerusalém	Mateus 21.1-11; Marcos 11.1-11; João 12.12-19                                     (Mt 21.1-11; Mc 11.1-11; Jo 12.12-19)
LUK	19	41	309287	Jesus chora à vista de Jerusalém	
LUK	19	45	309321	A purificação do templo	Mateus 21.12-17; Marcos 11.15-19                                                  (Mt 21.12-17; Mc 11.15-19)
LUK	19	47	309345	O Mestre ensina no templo	
LUK	20	1	309404	A autoridade de Jesus e o batismo de João	Mateus 21.23-27; Marcos 11.27-33                                                (Mt 21.23-27; Mc 11.27-33)
LUK	20	9	309470	A parábola dos lavradores maus	Mateus 21.33-46; Marcos 12.1-12                                                 (Mt 21.33-46; Mc 12.1-12)
LUK	20	19	309595	A questão do tributo	Mateus 22.15-22; Marcos 12.13-17
LUK	20	27	309683	Os saduceus e a ressurreição	Mateus 22.23-33; Marcos 12.18-27                                                    (Mt 22.23-33; Mc 12.18-27)
LUK	20	41	309814	O Cristo, filho de Davi	Mateus 22.41-46; Marcos 12.35-37                                                      (Mt 22.41-46; Mc 12.35-37)
LUK	20	45	309850	Jesus censura os escribas	Mateus 23.1-12; Marcos 12.38-40
LUK	21	1	309929	A oferta da viúva pobre	Marcos 12.41-44                                                                  (Mc 12.41-44)
LUK	21	5	309965	A destruição do templo	Mateus 24.1-2; Marcos 13.1-2                                                     (Mt 24.1-35; Mc 13.1-31)
LUK	21	7	309995	O princípio das dores	Mateus 24.3-14; Marcos 13.3-13
LUK	21	20	310124	Jerusalém sitiada	Mateus 24.15-28; Marcos 13.14-23
LUK	21	25	310176	A vinda do Filho do Homem	Mateus 24.29-31; Marcos 13.24-27
LUK	22	1	310337	O plano para tirar a vida de Jesus	Mateus 26.1-5; Marcos 14.1-2
LUK	22	3	310357	O pacto da traição	Mateus 26.14-16; Marcos 14.10-11
LUK	22	7	310432	Os discípulos preparam a Páscoa	Mateus 26.17-19; Marcos 14.12-16                                           (Mt 26.17-35; Mc 14.12-31; Jo 13.18-30,36-38)
LUK	22	14	310484	A última Páscoa	
LUK	22	19	310524	A Ceia do Senhor	Mateus 26.26-30; Marcos 14.22-26;  1 Coríntios 11.23-25
LUK	22	24	310607	Seja o maior como o menor	
LUK	22	31	310661	Pedro é avisado	Mateus 26.31-35; Marcos 14.27-31; João 13.36-38
LUK	22	35	310736	As duas espadas	
LUK	22	39	310770	Jesus no Getsêmani	Mateus 26.36-46; Marcos 14.32-42                                                  (Mt 26.36-46; Mc 14.32-42)
LUK	22	47	310834	Jesus é preso	Mateus 26.47-56; Marcos 14.43-50; João 18.1-11                                      (Mt 26.47-56; Mc 14.43-50; Jo 18.1-11)
LUK	22	54	310931	Pedro nega a Jesus	Mateus 26.69-75; Marcos 14.66-72; João  18.15-18,25-27                             (Mt 26.69-75; Mc 14.66-72; Jo 18.15-18,25-27)
LUK	22	63	311003	Os guardas zombam de Jesus	
LUK	22	66	311025	Jesus perante o Sinédrio	Mateus 26.57-68; Marcos 14.53-65
LUK	23	1	311116	Jesus perante Pilatos	Mateus 27.1-2,11-14; Marcos 15.1-5; João 18.28-38
LUK	23	8	311192	Jesus perante Herodes	
LUK	23	13	311267	Jesus outra vez perante Pilatos	Mateus 27.15-26; Marcos 15.6-15; João 18.39—19.16
LUK	23	26	311365	Simão leva a cruz de Jesus	Mateus 27.32; Marcos 15.21                                               (Mt 27.32-44; Mc 15.21-32; Jo 19.16-27)
LUK	23	27	311410	Jesus rumo ao Calvário	
LUK	23	33	311458	A crucificação	Mateus 27.33-44; Marcos 15.22-32; João 19.17-27
LUK	23	39	311524	Os dois malfeitores	
LUK	23	44	311599	A morte de Jesus	Mateus 27.45-56; Marcos 15.33-41; João 19.28-30                                    (Mt 27.45-56; Mc 15.33-41; Jo 19.28-30)
LUK	23	50	311653	O sepultamento de Jesus	Mateus 27.57-61; Marcos 15.42-47; João 19.38-42                                    (Mt 27.57-61; Mc 15.42-47; Jo 19.38-42)
LUK	24	1	311746	A ressurreição de Jesus	Mateus 28.1-10; Marcos 16.1-8; João 20.1-10                                          (Mt 28.1-10; Mc 16.1-8; Jo 20.1-9)
LUK	24	13	311840	Os discípulos no caminho de Emaús	Marcos 16.12-13
LUK	24	36	312082	Jesus aparece aos discípulos	João 20.19-23                                                                  (Jo 20.19-23)
LUK	24	44	312144	Jesus explica as Escrituras	
LUK	24	50	312225	A ascensão de Jesus	Marcos 16.19-20
MAL	1	1	278239	O amor do Senhor por Jacó	
MAL	1	6	278301	O Senhor reprova os sacerdotes	
MAL	2	1	278476	O castigo dos sacerdotes	
MAL	2	10	278603	Advertência contra a infidelidade conjugal	
MAL	2	17	278707	A vinda do Senhor precedida pelo seu Anjo	
MAL	3	6	278828	O roubo no tocante aos dízimos e às ofertas	
MAL	4	1	279021	O sol da justiça e seu precursor	
MAT	1	1	279144	A genealogia de Jesus Cristo	Lucas 3.23-38                                                                            (Lc 3.23-38)
MAT	1	19	279305	O nascimento de Jesus Cristo	Lucas 2.1-7
MAT	2	1	279381	A visita dos magos	
MAT	2	13	279534	A fuga para o Egito	
MAT	2	16	279562	A matança dos inocentes	
MAT	2	19	279625	A volta do Egito	
MAT	3	1	279669	A pregação de João Batista	Marcos 1.2-6; Lucas 3.1-9                                                        (Mc 1.2-8; Lc 3.1-18)
MAT	3	11	279780	João dá testemunho de Cristo	Marcos 1.7-8; Lucas 3.15-17; João 1.19-28
MAT	3	13	279806	O batismo de Jesus	Marcos 1.9-11; Lucas 3.21-22; João 1.32-34                                                   (Mc 1.9-11; Lc 3.21,22)
MAT	4	1	279850	A tentação de Jesus	Marcos 1.12-13; Lucas 4.1-13                                                         (Mc 1.12,13; Lc 4.1-13)
MAT	4	12	279973	Jesus volta para a Galileia	Marcos 1.14-15; Lucas 4.14-15                                                     (Mc 1.14,15; Lc 4.14,15)
MAT	4	18	280019	A vocação de discípulos	Marcos 1.16-20; Lucas 5.1-11                                               (Mc 1.16-20; Lc 5.1-11; Jo 1.35-42)
MAT	5	1	280136	O sermão do monte	
MAT	5	3	280138	As bem-aventuranças	Lucas 6.20-23
MAT	5	13	280249	Os discípulos, o sal da terra	Marcos 9.49-50; Lucas 14.34-35
MAT	5	14	280263	Os discípulos, a luz do mundo	
MAT	5	17	280297	Jesus não veio revogar a Lei, mas cumprir	
MAT	5	21	280345	Jesus completa o que foi dito aos antigos	
MAT	5	21	280347	Do homicídio	
MAT	5	27	280452	Do adultério	
MAT	5	33	280512	Dos juramentos	
MAT	5	38	280577	Da vingança	Lucas 6.27-30
MAT	5	43	280621	Do amor ao próximo	Lucas 6.32-36
MAT	6	1	280671	A prática da justiça	
MAT	6	2	280689	Como se deve dar esmolas	
MAT	6	5	280756	Como se deve orar	
MAT	6	9	280810	A oração dominical	Lucas 11.2-4
MAT	6	17	280890	Como jejuar	
MAT	6	19	280943	Os tesouros no céu	
MAT	6	22	280967	A luz e as trevas	Lucas 11.34-36
MAT	6	24	280987	Os dois senhores	
MAT	6	25	281007	A ansiosa solicitude pela vida	Lucas 12.22-31                                                                  (Lc 12.22-31)
MAT	7	1	281146	O juízo temerário é proibido	Lucas 6.37-38,41-42                                                               (Lc 6.37-42)
MAT	7	6	281194	Não deis o que é santo aos cães	
MAT	7	7	281206	Jesus incita a orar	Lucas 11.9-13                                                                  (Lc 11.9-13)
MAT	7	13	281285	As duas estradas	Lucas 13.24
MAT	7	15	281311	Os falsos profetas	
MAT	7	24	281379	Os dois fundamentos	Lucas 6.46-49                                                                    (Lc 6.46-49)
MAT	7	28	281448	O fim do sermão do monte	
MAT	8	1	281468	A cura de um leproso	Marcos 1.40-44; Lucas 5.12-14                                                     (Mc 1.40-45; Lc 5.12-16)
MAT	8	5	281514	A cura do criado de um centurião	Lucas 7.1-10                                                                    (Lc 7.1-10)
MAT	8	14	281615	A cura da sogra de Pedro	Marcos 1.29-31; Lucas 4.38-39                                                       (Mc 1.29-34; Lc 4.38-41)
MAT	8	16	281633	Muitas outras curas	Marcos 1.32-34; Lucas 4.40-41
MAT	8	18	281663	Jesus põe à prova os que querem segui-lo	Lucas 9.57-62                                                                    (Lc 9.57-62)
MAT	8	23	281701	Jesus acalma uma tempestade	Marcos 4.35-41; Lucas 8.22-25                                                       (Mc 4.35-41; Lc 8.22-25)
MAT	8	28	281782	A cura de dois endemoninhados gadarenos	Marcos 5.1-20; Lucas 8.26-39                                                    (Mc 5.1-20; Lc 8.26-39)
MAT	9	1	281864	A cura de um paralítico em Cafarnaum	Marcos 2.1-12; Lucas 5.17-26                                                    (Mc 2.1-12; Lc 5.17-26)
MAT	9	9	281969	A vocação de Mateus	Marcos 2.13-14; Lucas 5.27-28                                                      (Mc 2.13-17; Lc 5.27-32)
MAT	9	10	281983	Jesus come com pecadores	Marcos 2.15-17; Lucas 5.29-32
MAT	9	14	282025	Do jejum	Marcos 2.18-22; Lucas 5.33-39                                                      (Mc 2.18-22; Lc 5.33-39)
MAT	9	18	282098	O pedido de um chefe	Marcos 5.21-24a; Lucas 8.40-42a                                                        (Mc 5.21-43; Lc 8.40-56)
MAT	9	19	282114	A cura de uma mulher enferma	Marcos 5.24b-34; Lucas 8.42b-48
MAT	9	23	282154	A ressurreição da filha de Jairo	Marcos 5.35-43; Lucas 8.49-56
MAT	9	27	282186	A cura de dois cegos	
MAT	10	1	282321	A escolha dos doze apóstolos	Os seus nomes                                                                    (Mc 6.7-13; Lc 9.1-6); Marcos 3.13-19; Lucas 6.12-16
MAT	10	5	282367	As instruções para os doze	Marcos 6.7-11; Lucas 9.1-5
MAT	10	16	282502	As admoestações	
MAT	10	24	282613	Os estímulos	
MAT	10	34	282703	As dificuldades	
MAT	10	40	282776	As recompensas	
MAT	11	1	282816	Jesus prega nas cidades	
MAT	11	2	282834	João envia mensageiros a Jesus	Lucas 7.18-23
MAT	11	7	282876	Jesus dá testemunho de João	Lucas 7.24-35
MAT	11	20	283015	Ai das cidades impenitentes!	Lucas 10.13-15                                                                (Lc 10.13-15)
MAT	11	25	283102	Jesus, o Salvador dos humildes	Lucas 10.21-22                                                                (Lc 10.21,22)
MAT	11	28	283144	Vinde a mim	
MAT	12	1	283170	Jesus é senhor do sábado	Marcos 2.23-28; Lucas 6.1-5                                                    (Mc 2.23–3.6; Lc 6.1-11)
MAT	12	9	283273	O homem da mão ressequida	Marcos 3.1-6; Lucas 6.6-11
MAT	12	15	283319	Jesus se retira	
MAT	12	33	283498	Árvores e seus frutos	Lucas 6.43-45
MAT	12	38	283544	O sinal de Jonas	Lucas 11.29-32                                                                   (Lc 11.29-32)
MAT	12	43	283641	A estratégia de Satanás	Lucas 11.24-26
MAT	12	46	283671	A família de Jesus	Marcos 3.31-35; Lucas 8.19-21                                                   (Mc 3.31-35; Lc 8.19-21)
MAT	13	1	283717	A parábola do semeador	Marcos 4.1-9; Lucas 8.4-8                                                      (Mc 4.1-20; Lc 8.1-15)
MAT	13	10	283814	A explicação da parábola	Marcos 4.10-20; Lucas 8.9-15
MAT	13	24	284005	A parábola do joio	
MAT	13	31	284063	A parábola do grão de mostarda	Marcos 4.30-32; Lucas 13.18-19                                                 (Mc 4.30-34; Lc 13.18-21)
MAT	13	33	284120	A parábola do fermento	Lucas 13.20-21
MAT	13	34	284138	Por que Jesus falou por parábolas	Marcos 4.33-34
MAT	13	36	284160	A explicação da parábola do joio	
MAT	13	44	284216	A parábola do tesouro escondido	
MAT	13	45	284230	A parábola da pérola	
MAT	13	47	284277	A parábola da rede	
MAT	13	51	284305	Coisas novas e velhas	
MAT	13	53	284323	Jesus prega em Nazaré. É rejeitado pelos seus	Marcos 6.1-6; Lucas 4.16-30                                                             (Mc 6.1-6)
MAT	14	1	284387	A morte de João Batista	Marcos 6.14-29; Lucas 9.7-9                                                            (Mc 6.14-29)
MAT	14	13	284506	A primeira multiplicação de pães e peixes	Marcos 6.30-44; Lucas 9.10-17; João 6.1-13                                        (Mc 6.30-44; Lc 9.10-17; Jo 6.1-15)
MAT	14	22	284629	Jesus anda por sobre o mar	Marcos 6.45-52; João 6.15-21                                                      (Mc 6.45-56; Jo 6.16-24)
MAT	14	34	284711	Jesus em Genesaré	Marcos 6.53-56
MAT	15	21	284985	A mulher cananeia	Marcos 7.24-30                                                                  (Mc 7.24-30)
MAT	16	1	285196	Os fariseus e os saduceus pedem um sinal do céu	Marcos 8.11-13                                                                    (Mc 8.11-13)
MAT	16	5	285234	O fermento dos fariseus e dos saduceus	Marcos 8.14-21                                                                    (Mc 8.14-21)
MAT	16	13	285331	A confissão de Pedro	Marcos 8.27-30; Lucas 9.18-21                                                   (Mc 8.27-30; Lc 9.18-21)
MAT	16	21	285401	Jesus prediz a sua morte e ressurreição	Marcos 8.31-33; Lucas 9.22                                                    (Mc 8.31–9.1; Lc 9.22-27)
MAT	17	1	285518	A transfiguração	Marcos 9.2-8; Lucas 9.28-36                                                        (Mc 9.2-13; Lc 9.28-36)
MAT	17	9	285613	A vinda de Elias	Marcos 9.9-13
MAT	17	14	285659	A cura de um jovem possesso	Marcos 9.14-29; Lucas 9.37-42                                                      (Mc 9.14-32; Lc 9.37-45)
MAT	17	24	285792	Jesus paga imposto	
MAT	18	1	285854	O maior no reino dos céus	Marcos 9.33-37; Lucas 9.46-48                                                    (Mc 9.33-37,42-46; Lc 9.46-48)
MAT	18	6	285900	Os tropeços	Marcos 9.42-48; Lucas 17.1-2
MAT	18	10	285983	A parábola da ovelha perdida	Lucas 15.3-7                                                                 (Lc 15.3-7)
MAT	18	15	286025	Como se deve tratar a um irmão culpado	
MAT	18	21	286124	Quantas vezes se deve perdoar a um irmão	Lucas 17.3-4
MAT	19	1	286281	Jesus atravessa o Jordão	Marcos 10.1                                                                   (Mc 10.1-12)
MAT	19	3	286299	A questão do divórcio	Marcos 10.2-12; Lucas 16.18
MAT	19	13	286401	Jesus abençoa as crianças	Marcos 10.13-16; Lucas 18.15-17                                                   (Mc 10.13-16; Lc 18.15-17)
MAT	19	16	286458	O jovem rico	Marcos 10.17-22; Lucas 18.18-23                                                   (Mc 10.17-31; Lc 18.18-30)
MAT	19	23	286514	O perigo das riquezas	Marcos 10.23-31; Lucas 18.24-30
MAT	20	1	286633	A parábola dos trabalhadores na vinha	
MAT	20	20	286836	O pedido da mãe de Tiago e João	Marcos 10.35-45                                                               (Mc 10.35-45)
MAT	20	29	286961	A cura de dois cegos de Jericó	Marcos 10.46-52; Lucas 18.35-43                                                 (Mc 10.46-52; Lc 18.35-43)
MAT	21	1	287021	A entrada triunfal de Jesus em Jerusalém	Marcos 11.1-11; Lucas 19.28-40; João 12.12-15                                    (Mc 11.1-11; Lc 19.28-40; Jo 12.12-19)
MAT	21	12	287150	A purificação do templo	Marcos 11.15-17; Lucas 19.45-46                                                  (Mc 11.15-19; Lc 19.45-48)
MAT	21	14	287180	Jesus efetua curas no templo	
MAT	21	18	287224	A figueira sem fruto	Marcos 11.12-14,20-24                                                             (Mc 11.20-25)
MAT	21	23	287311	A autoridade de Jesus e o batismo de João	Marcos 11.27-33; Lucas 20.1-8                                                   (Mc 11.27-33; Lc 20.1-8)
MAT	21	28	287373	A parábola dos dois filhos	
MAT	21	33	287423	A parábola dos lavradores maus	Marcos 12.1-12; Lucas 20.9-19                                                   (Mc 12.1-12; Lc 20.9-19)
MAT	22	1	287576	A parábola das bodas	
MAT	22	15	287729	A questão do tributo	Marcos 12.13-17; Lucas 20.20-26                                                 (Mc 12.13-17; Lc 20.20-26)
MAT	22	23	287826	Os saduceus e a ressurreição	Marcos 12.18-27; Lucas 20.27-40                                                 (Mc 12.18-27; Lc 20.27-40)
MAT	22	34	287906	O grande mandamento	Marcos 12.28-31                                                               (Mc 12.28-34)
MAT	22	41	287983	O Cristo, Filho de Davi	Marcos 12.35-37; Lucas 20.41-44                                                  (Mc 12.35-37; Lc 20.41-44)
MAT	23	13	288156	Várias advertências de Jesus	
MAT	23	37	288401	O lamento sobre Jerusalém	Lucas 13.34-35
MAT	24	1	288482	O sermão profético	A destruição do templo                                                              (Mc 13.1-31; Lc 21.5-37); Marcos 13.1-2; Lucas 21.5-6
MAT	24	3	288506	O princípio das dores	Marcos 13.3-13; Lucas 21.7-19
MAT	24	15	288643	A grande tribulação	Marcos 13.14-23; Lucas 21.20-23
MAT	24	29	288747	A vinda do Filho do Homem	Marcos 13.24-27; Lucas 21.25-28
MAT	24	45	288961	A parábola do bom servo e do mau	Lucas 12.42-46
MAT	25	1	289019	A parábola das dez virgens	
MAT	25	14	289142	A parábola dos talentos	
MAT	25	31	289313	O grande julgamento	
MAT	26	1	289484	O plano para tirar a vida de Jesus	Marcos 14.1-2; Lucas 22.1-2; João 11.45-53
MAT	26	6	289520	Jesus ungido em Betânia	Marcos 14.3-9; João 12.1-8                                                       (Mc 14.3-9; Jo 12.1-8)
MAT	26	14	289621	O pacto da traição	Marcos 14.10-11; Lucas 22.3-6
MAT	26	17	289645	Os discípulos preparam a Páscoa	Marcos 14.12-16; Lucas 22.7-13                                                (Mc 14.12-26; Lc 22.7-23; Jo 13.18-30)
MAT	26	20	289675	O traidor é indicado	Marcos 14.17-21; Lucas 22.21-23; João 13.21-30
MAT	26	26	289766	A Ceia do Senhor	Marcos 14.22-26; Lucas 22.14-20;  1 Coríntios 11.23-25
MAT	26	31	289814	Pedro é avisado	Marcos 14.27-31; Lucas 22.31-34; João 13.36-38                                       (Mc 14.27-31; Lc 22.31-34; Jo 13.36-38)
MAT	26	36	289860	Jesus no Getsêmani	Marcos 14.32-42; Lucas 22.39-46                                                    (Mc 14.32-42; Lc 22.39-46)
MAT	26	47	289987	Jesus é preso	Marcos 14.43-50; Lucas 22.47-53; João 18.2-11                                    (Mc 14.43-50; Lc 22.47-53; Jo 18.1-11)
MAT	26	57	290122	Jesus perante o Sinédrio	Marcos 14.53-65; Lucas 22.63-71; João 18.12-14,19-24
MAT	26	69	290251	Pedro nega a Jesus	Marcos 14.66-72; Lucas 22.55-62; João 18.15-18,25-27                                  (Mc 14.66-72; Lc 22.54-62; Jo 18.15-18,25-27)
MAT	27	1	290311	Jesus entregue a Pilatos	Marcos 15.1; Lucas 23.1-2; João 18.28-32
MAT	27	3	290331	O suicídio de Judas	
MAT	27	11	290436	Jesus perante Pilatos	Marcos 15.1-15; Lucas 23.1-5,13-25; João 18.33—19.16
MAT	27	27	290593	Jesus entregue aos soldados	Marcos 15.16-20; João 19.2-3                                                              (Mc 15.16-20)
MAT	27	32	290641	Simão leva a cruz do Senhor	Marcos 15.21; Lucas 23.26                                                 (Mc 15.21-32; Lc 23.26-43; Jo 19.16-27)
MAT	27	33	290653	A crucificação	Marcos 15.22-32; Lucas 23.32-43; João 19.17-24
MAT	27	45	290776	A morte de Jesus	Marcos 15.33-41; Lucas 23.44-49; João 19.28-30                                     (Mc 15.33-41; Lc 23.44-49; Jo 19.28-30)
MAT	27	57	290901	O sepultamento de Jesus	Marcos 15.42-47; Lucas 23.50-56; João 19.38-42                                   (Mc 15.42-47; Lc 23.50-56; Jo 19.38-42)
MAT	27	62	290939	A guarda do sepulcro	
MAT	28	11	291140	Os judeus subornam os guardas	
MAT	28	16	291192	Jesus aparece aos discípulos na Galileia	
MAT	28	18	291208	A Grande Comissão	Marcos 16.15-18; Lucas 24.44-49
MRK	1	2	291326	João Batista	Mateus 3.1-6; Lucas 3.1-6
MRK	1	7	291384	João dá testemunho de Jesus	Mateus 3.11-12; Lucas 3.15-17; João 1.19-28
MRK	1	9	291414	O batismo de Jesus	Mateus 3.13-17; Lucas 3.21-22; João 1.32-34                                                (Mt 3.13–4.11; Lc 3.21,22; 4.1-13)
MRK	1	12	291438	A tentação de Jesus	Mateus 4.1-11; Lucas 4.1-13
MRK	1	14	291456	Jesus volta para a Galileia	Mateus 4.12-17; Lucas 4.14-15                                                (Mt 4.12-22; Lc 4.14,15;  5.1-11; Jo 1.35-42)
MRK	1	16	291505	A vocação de discípulos	Mateus 4.18-22; Lucas 5.1-11
MRK	1	21	291547	A cura de um endemoninhado em Cafarnaum	Lucas 4.31-37                                                                    (Lc 4.31-37)
MRK	1	29	291609	A cura da sogra de Pedro	Mateus 8.14-15; Lucas 4.38-39                                                      (Mt 8.14-17; Lc 4.38-41)
MRK	1	32	291670	Muitas outras curas	Mateus 8.16-17; Lucas 4.40-41
MRK	1	35	291698	Jesus se retira para orar	Lucas 4.42-44                                                                   (Lc 4.42-44)
MRK	1	40	291744	A cura de um leproso	Mateus 8.1-4; Lucas 5.12-16                                                        (Mt 8.1-4; Lc 5.12-16)
MRK	2	1	291841	A cura de um paralítico em Cafarnaum	Mateus 9.1-8; Lucas 5.17-26                                                       (Mt 9.1-8; Lc 5.17-26)
MRK	2	13	291951	A vocação de Levi	Mateus 9.9; Lucas 5.27-28                                                      (Mt 9.9-13; Lc 5.27-32)
MRK	2	15	292002	Jesus come com pecadores	Mateus 9.10-13; Lucas 5.29-32
MRK	2	18	292044	Do jejum	Mateus 9.14-17; Lucas 5.33-39                                                     (Mt 9.14-17; Lc 5.33-39)
MRK	2	23	292100	Jesus é senhor do sábado	Mateus 12.1-8; Lucas 6.1-5                                                       (Mt 12.1-14; Lc 6.1-11)
MRK	3	1	292187	O homem da mão ressequida	Mateus 12.9-14; Lucas 6.6-11
MRK	3	7	292253	Jesus se retira. A cura de muitos à beira-mar	
MRK	3	13	292344	A escolha dos doze apóstolos. Os seus nomes	Mateus 10.1-4; Lucas 6.12-16                                                            (Lc 6.12-16)
MRK	3	20	292390	A blasfêmia dos escribas	Mateus 12.22-32; Lucas 11.14-23                                                   (Mt 12.22-32; Lc 11.14-23)
MRK	3	31	292515	A família de Jesus	Mateus 12.46-50; Lucas 8.19-21                                                  (Mt 12.46-50; Lc 8.19-21)
MRK	4	1	292557	A parábola do semeador	Mateus 13.1-9; Lucas 8.4-8                                                    (Mt 13.1-23; Lc 8.1-15)
MRK	4	10	292672	A explicação da parábola	Mateus 13.10-23; Lucas 8.9-15
MRK	4	21	292776	A parábola da candeia	Lucas 8.16-18                                                                   (Lc 8.16-18)
MRK	4	26	292853	A parábola da semente	
MRK	4	30	292889	A parábola do grão de mostarda	Mateus 13.31-32; Lucas 13.18-19                                                   (Mt 13.31-35; Lc 13.18-21)
MRK	4	33	292921	Por que Jesus falou por parábolas	Mateus 13.34-35
MRK	4	35	292953	Jesus acalma uma tempestade	Mateus 8.23-27; Lucas 8.22-25                                                     (Mt 8.23-27; Lc 8.22-25)
MRK	5	1	293044	A cura do endemoninhado geraseno	Mateus 8.28-33; Lucas 8.26-34                                                   (Mt 8.28-34; Lc 8.26-39)
MRK	5	15	293189	Os gerasenos rejeitam a Jesus	Mateus 8.34; Lucas 8.35-39
MRK	5	21	293263	O pedido de Jairo	Mateus 9.18-19; Lucas 8.40-42                                                         (Mt 9.18-26; Lc 8.40-56)
MRK	5	25	293297	A cura de uma mulher enferma	Mateus 9.20-22; Lucas 8.43-48
MRK	5	35	293416	A ressurreição da filha de Jairo	Mateus 9.23-26; Lucas 8.49-56
MRK	6	1	293553	Jesus prega em Nazaré. É rejeitado pelos seus	Mateus 13.53-58; Lucas 4.16-30                                                         (Mt 13.53-58)
MRK	6	7	293617	As instruções para os doze	Mateus 10.5-15; Lucas 9.1-6                                                     (Mt 10.1,5-14; Lc 9.1-6)
MRK	6	14	293716	A morte de João Batista	Mateus 14.1-12; Lucas 9.7-9                                                         (Mt 14.1-12)
MRK	6	30	293899	A primeira multiplicação de pães e peixes	Mateus 14.13-21; Lucas 9.10-17; João 6.1-14                                      (Mt 14.13-21; Lc 9.10-17; Jo 6.1-15)
MRK	6	45	294078	Jesus anda por sobre o mar	Mateus 14.22-33; João 6.16-21                                                     (Mt 14.22-36; Jo 6.16-24)
MRK	6	53	294138	Jesus em Genesaré	Mateus 14.34-36
MRK	7	24	294438	A mulher siro-fenícia	Mateus 15.21-28                                                                (Mt 15.21-28)
MRK	7	31	294506	A cura de um surdo e gago	
MRK	8	1	294611	A segunda multiplicação de pães e peixes	Mateus 15.32-39                                                               (Mt 15.29-39)
MRK	8	11	294732	Os fariseus pedem um sinal do céu	Mateus 16.1-4                                                                 (Mt 16.1-4)
MRK	8	14	294766	O fermento dos fariseus e o de Herodes	Mateus 16.5-12                                                               (Mt 16.5-12)
MRK	8	22	294832	A cura de um cego em Betsaida	
MRK	8	27	294913	A confissão de Pedro	Mateus 16.13-20; Lucas 9.18-21                                                    (Mt 16.13-20; Lc 9.18-21)
MRK	8	31	294953	Jesus prediz a sua morte e ressurreição	Mateus 16.21-23; Lucas 9.22                                                      (Mt 16.21-28; Lc 9.22-27)
MRK	9	2	295100	A transfiguração	Mateus 17.1-8; Lucas 9.28-36                                                      (Mt 17.1-13; Lc 9.28-36)
MRK	9	9	295158	A vinda de Elias	Mateus 17.9-13
MRK	9	14	295208	A cura de um jovem possesso	Mateus 17.14-21; Lucas 9.37-43                                                     (Mt 17.14-23; Lc 9.37-45)
MRK	9	33	295448	O maior no reino dos céus	Mateus 18.1-5; Lucas 9.46-48                                                       (Mt 18.1-5; Lc 9.46-48)
MRK	9	38	295490	Jesus ensina a tolerância e a caridade	Lucas 9.49-50                                                                   (Lc 9.49,50)
MRK	9	42	295524	Os tropeços	Mateus 18.6-9; Lucas 17.1-2                                                             (Mt 18.6-9)
MRK	9	49	295613	Os discípulos, o sal da terra	Mateus 5.13; Lucas 14.34-35
MRK	10	1	295637	Jesus atravessa o Jordão	Mateus 19.1-2                                                                      (Mt 19.1-12)
MRK	10	2	295659	A questão do divórcio	Mateus 19.3-12; Lucas 16.18
MRK	10	13	295768	Jesus abençoa as crianças	Mateus 19.13-15; Lucas 18.15-17                                                   (Mt 19.13-15; Lc 18.15-17)
MRK	10	17	295806	O jovem rico	Mateus 19.16-22; Lucas 18.18-23                                                   (Mt 19.16-30; Lc 18.18-30)
MRK	10	23	295860	O perigo das riquezas	Mateus 19.23-30; Lucas 18.24-30
MRK	10	35	296015	O pedido de Tiago e João	Mateus 20.20-28                                                               (Mt 20.20-28)
MRK	10	46	296152	A cura do cego de Jericó	Mateus 20.29-34; Lucas 18.35-43                                                 (Mt 20.29-34; Lc 18.35-43)
MRK	11	1	296261	A entrada triunfal de Jesus em Jerusalém	Mateus 21.1-17; Lucas 19.28-40; João 12.12-19                                       (Mt 21.1-11; Lc 19.28-40; Jo 12.12-19)
MRK	11	12	296355	A figueira sem fruto	Mateus 21.18-22                                                          (Mt 21.12-17; Lc 19.45-48)
MRK	11	15	296383	A purificação do templo	Mateus 21.12-17; Lucas 19.45-48
MRK	11	20	296470	O poder da fé	
MRK	11	27	296522	A autoridade de Jesus e o batismo de João	Mateus 21.23-27; Lucas 20.1-8                                                     (Mt 21.23-27; Lc 20.1-8)
MRK	12	1	296629	A parábola dos lavradores maus	Mateus 21.33-46; Lucas 20.9-19                                                 (Mt 21.33-46; Lc 20.9-19)
MRK	12	13	296772	A questão do tributo	Mateus 22.15-22; Lucas 20.19-26                                                (Mt 22.15-22; Lc 20.20-26)
MRK	12	18	296846	Os saduceus e a ressurreição	Mateus 22.23-33; Lucas 20.27-40                                                (Mt 22.23-33; Lc 20.27-40)
MRK	12	28	296959	O grande mandamento	Mateus 22.34-40; Lucas 10.25-28                                                           (Mt 22.34-40)
MRK	12	35	297033	O Cristo, filho de Davi	Mateus 22.41-46; Lucas 20.41-44                                                    (Mt 22.41-46; Lc 20.41-44)
MRK	12	38	297065	Jesus censura os escribas	Mateus 23.1-7,14; Lucas 20.45-47
MRK	12	41	297126	A oferta da viúva pobre	Lucas 21.1-4                                                                    (Lc 21.1-4)
MRK	13	1	297178	O sermão profético	A destruição do templo                                                            (Mt 24.1-35; Lc 21.5-37); Mateus 24.1-2; Lucas 21.5-6
MRK	13	3	297210	O princípio das dores	Mateus 24.3-14; Lucas 21.7-19
MRK	13	14	297339	A grande tribulação	Mateus 24.15-28; Lucas 21.20-24
MRK	13	24	297419	A vinda do Filho do Homem	Mateus 24.29-31; Lucas 21.25-28
MRK	14	1	297572	O plano para tirar a vida de Jesus	Mateus 26.1-5; Lucas 22.1-2                                                          (Mt 26.6-13; Jo 12.1-8)
MRK	14	3	297629	Jesus ungido em Betânia	Mateus 26.6-13; João 12.1-8
MRK	14	10	297707	O pacto da traição	Mateus 26.14-16; Lucas 22.3-6
MRK	14	12	297729	Os discípulos preparam a Páscoa	Mateus 26.17-19; Lucas 22.7-13                                                (Mt 26.17-30; Lc 22.7-23; Jo 13.18-30)
MRK	14	17	297816	O traidor é indicado	Mateus 26.20-25
MRK	14	22	297864	A Ceia do Senhor	Mateus 26.26-30; Lucas 22.19-23;  1 Coríntios 11.23-25
MRK	14	27	297906	Pedro é avisado	Mateus 26.31-35; Lucas 22.31-34; João 13.36-38                                         (Mt 26.31-35; Lc 22.31-34; Jo 13.36-38)
MRK	14	32	297979	Jesus no Getsêmani	Mateus 26.36-46; Lucas 22.39-46                                                  (Mt 26.36-46; Lc 22.39-46)
MRK	14	43	298075	Jesus é preso	Mateus 26.47-56; Lucas 22.47-53; João 18.1-11                                     (Mt 26.47-56; Lc 22.47-53; Jo 18.1-11)
MRK	14	51	298176	Jesus seguido por um jovem	
MRK	14	53	298190	Jesus perante o Sinédrio	Mateus 26.57-68; Lucas 22.63-71
MRK	14	66	298335	Pedro nega a Jesus	Mateus 26.69-75; Lucas 22.54-62; João 18.15-18,25-27                               (Mt 26.69-75; Lc 22.54-62; Jo 18.15-18,25-27)
MRK	15	1	298399	Jesus perante Pilatos	Mateus 27.1-2,11-26; Lucas 23.1-7,13-25; João 18.28—19.16
MRK	15	16	298534	Jesus entregue aos soldados	Mateus 27.27-31                                                                (Mt 27.27-31)
MRK	15	21	298578	Simão leva a cruz de Jesus	Mateus 27.32; Lucas 23.26                                              (Mt 27.32-44; Lc 23.26-43; Jo 19.16-27)
MRK	15	22	298623	A crucificação	Mateus 27.33-44; Lucas 23.33-43; João 19.17-24
MRK	15	33	298705	A morte de Jesus	Mateus 27.45-56; Lucas 23.44-49; João 19.28-30                                      (Mt 27.45-56; Lc 23.44-49; Jo 19.28-30)
MRK	15	42	298812	O sepultamento de Jesus	Mateus 27.57-61; Lucas 23.50-56; João 19.38-42                                      (Mt 27.57-61; Lc 23.50-56; Jo 19.38-42)
MRK	16	1	298868	A ressurreição de Jesus	Mateus 28.1-10; Lucas 24.1-12; João 20.1-10                                         (Mt 28.1-10; Lc 24.1-12; Jo 20.1-9)
MRK	16	10	298971	Jesus aparece a Maria Madalena	João 20.11-18
MRK	16	14	299023	A ordem para a evangelização	
MRK	16	19	299069	A ascensão de Jesus	Lucas 24.50-53; Atos 1.6-11
NAM	1	1	272766	A ira e a misericórdia de Deus	
NAM	2	1	272945	O cerco e a tomada de Nínive	
NAM	3	1	273092	A ruína completa de Nínive	
NEH	1	1	153077	Neemias ora por Jerusalém	
NEH	2	1	153256	Neemias mandado a Jerusalém	
NEH	2	11	153380	Neemias anima o povo a reedificar os muros	
NEH	3	1	153555	Os que trabalharam na reedificação dos muros	
NEH	4	1	154022	A defesa contra os adversários	
NEH	5	1	154342	Medidas contra a usura	
NEH	5	13	154515	O bom exemplo de Neemias	
NEH	6	1	154662	Os inimigos conspiram para intimidar Neemias	
NEH	6	15	154845	Terminada a reconstrução do muro	
NEH	7	70	155529	Contribuições para o templo	
NEH	8	1	155585	Esdras lê a Lei diante do povo	
NEH	8	13	155774	A Festa dos Tabernáculos	
NEH	9	1	155895	Arrependimento e confissão de pecados	
NEH	9	38	156420	A aliança do povo sobre guardar a Lei	
NEH	11	1	156792	Relação dos que habitaram em Jerusalém	
NEH	11	25	157128	Os residentes nas aldeias	
NEH	12	1	157241	Os sacerdotes que vieram para Jerusalém	
NEH	12	27	157458	A dedicação dos muros	
NEH	13	1	157774	Os estrangeiros separados de Israel	
NEH	13	4	157808	Tobias expulso do templo	
NEH	13	23	158122	Condenação do casamento misto	
NEH	13	30	158220	As reformas de Neemias	
NUM	1	1	42746	Deus manda Moisés levantar o censo de Israel	
NUM	1	47	43190	Os levitas não são contados	
NUM	2	1	43303	A ordem das tribos no acampamento	
NUM	3	1	43679	Número e ofício dos levitas	
NUM	3	40	44120	O resgate dos primogênitos	
NUM	4	1	44253	Deveres dos coatitas	
NUM	4	21	44458	Deveres dos gersonitas	
NUM	4	29	44555	Deveres dos filhos de Merari	
NUM	4	34	44601	Número dos coatitas	
NUM	4	38	44641	Número dos filhos de Gérson	
NUM	4	42	44722	Número dos filhos de Merari	
NUM	4	46	44772	Número de todos os levitas	
NUM	5	1	44818	O leproso e o imundo são lançados fora do arraial	
NUM	5	5	44856	A lei da restituição	
NUM	5	11	44945	A prova da mulher suspeita de adultério	
NUM	6	1	45257	A lei do nazireado	
NUM	6	22	45518	A bênção sacerdotal	
NUM	7	1	45585	As ofertas dos príncipes na dedicação do altar	
NUM	8	1	46607	As sete lâmpadas do santuário	
NUM	8	5	46637	A consagração dos levitas	
NUM	9	1	46872	A celebração da Páscoa	
NUM	9	15	47092	A nuvem sobre o tabernáculo	Êxodo 40.34-38
NUM	10	1	47202	As duas trombetas de prata	
NUM	10	11	47331	Os israelitas partem do Sinai	
NUM	11	1	47601	As murmurações dos israelitas	
NUM	11	10	47685	Moisés acha pesado o seu cargo	
NUM	11	16	47796	Deus designa setenta anciãos para ajudarem Moisés	
NUM	11	31	47983	Deus manda codornizes	
NUM	12	1	48090	A sedição de Miriã e Arão	
NUM	14	1	48615	Sedição do povo	
NUM	14	13	48768	Moisés intercede pelo povo	
NUM	14	20	48834	O castigo dado por Deus	Deuteronômio 1.34-40
NUM	14	39	49102	O povo derrotado em Horma	Deuteronômio 1.41-46
NUM	15	1	49184	Leis a respeito de ofertas	
NUM	15	22	49436	Os sacrifícios pelos pecados por ignorância	Levítico 4.13-21
NUM	15	32	49550	Castigo pela violação do sábado	
NUM	15	37	49627	A lei acerca das borlas das vestes	Deuteronômio 22.12
NUM	16	1	49697	A rebelião de Corá, Datã e Abirão	
NUM	16	20	49973	Os rebeldes castigados	
NUM	16	41	50190	Novo tumulto e seu castigo	
NUM	17	1	50323	O bordão de Arão floresce	
NUM	18	1	50484	Deveres e direitos dos sacerdotes	
NUM	18	21	50787	Os dízimos e os levitas	
NUM	19	1	50944	A água purificadora	
NUM	20	1	51250	A morte de Miriã	
NUM	20	2	51260	Moisés fere a rocha em Meribá	
NUM	20	14	51391	Moisés solicita passagem por Edom	
NUM	20	22	51496	A morte de Arão	Números 33.38,39
NUM	21	1	51570	Derrota do rei de Arade	
NUM	21	4	51596	A serpente de bronze	
NUM	21	10	51695	Jornadas dos israelitas	
NUM	21	21	51810	Vitória sobre Seom, rei de Hesbom	Deuteronômio 2.26-37
NUM	21	31	51916	Vitória sobre Ogue, rei de Basã	Deuteronômio 3.1-11
NUM	22	1	52007	Balaque envia mensageiros a Balaão	
NUM	22	21	52236	O Anjo do SENHOR e a jumenta de Balaão	
NUM	23	1	52518	Balaão abençoa a Israel pela primeira vez	
NUM	23	13	52649	Balaão abençoa a Israel pela segunda vez	
NUM	24	15	53011	A profecia de Balaão. A estrela de Jacó	
NUM	25	1	53148	A adoração a Baal-Peor e o zelo de Fineias	
NUM	26	1	53353	O censo de todos os israelitas	
NUM	26	52	53894	A lei acerca da divisão da terra	
NUM	26	57	53932	O censo dos levitas	
NUM	27	12	54192	Deus prediz a morte de Moisés	Deuteronômio 3.23-29
NUM	28	1	54351	Ofertas contínuas	Êxodo 29.38-42
NUM	29	1	54693	Ofertas nas outras festas solenes	
NUM	30	1	55150	Acerca de votos	Deuteronômio 23.21-23
NUM	31	1	55377	A vitória sobre os midianitas	
NUM	31	13	55524	O tratamento dos cativos	
NUM	31	25	55644	A divisão da presa	
NUM	31	48	55894	A oferta voluntária dos capitães	
NUM	32	33	56385	Distribuição da Transjordânia	Deuteronômio 3.12-17
NUM	33	1	56467	Os acampamentos desde o Egito	
NUM	33	38	56775	A morte de Arão	Números 20.22-29
NUM	33	50	56894	Deus manda lançar fora os moradores de Canaã	
NUM	34	1	56960	Os confins da terra	
NUM	35	1	57252	As cidades dos levitas	
NUM	35	9	57379	Seis cidades de refúgio	Deuteronômio 4.41-43; 19.1-3
NUM	35	16	57451	Execução do homicida	Deuteronômio 19.11-13
NUM	36	1	57747	Casamento de herdeiras	
OBA	1	1	270397	Os pecados e o castigo de Edom	Jeremias 49.14-16
OBA	1	15	270604	A restauração e felicidade de Israel	
PHM	1	1	357480	Prefácio e saudação	
PHM	1	4	357502	Ação de graças	
PHM	1	8	357532	Paulo intercede em favor de Onésimo	
PHP	1	1	350435	Prefácio e saudação	
PHP	1	12	350531	A situação do apóstolo contribui para o progresso do	
PHP	1	27	350696	A unidade cristã na luta	
PHP	2	1	350787	Exortação ao amor fraternal e à humildade	
PHP	2	12	350885	O desenvolvimento da salvação	
PHP	2	19	350978	Paulo e seus companheiros Timóteo e Epafrodito	
PHP	3	1	351117	A exortação referente à alegria cristã	
PHP	3	2	351127	O aviso contra os falsos mestres	
PHP	3	12	351223	A soberana vocação	
PHP	3	17	351304	Os inimigos da cruz de Cristo	
PHP	4	8	351465	O em que pensar	
PHP	4	10	351489	A gratidão de Paulo para com os filipenses	
PHP	4	21	351622	Saudações e bênção	
PRO	1	1	193984	Uso dos provérbios	
PRO	1	8	194040	Contra as seduções dos pecadores	
PRO	1	20	194161	Clama a Sabedoria	
PRO	2	1	194308	A excelência da sabedoria	
PRO	4	1	194765	Exortação paternal	
PRO	5	1	194980	Advertência contra a lascívia	
PRO	6	1	195163	Advertência contra o servir de fiador	
PRO	6	6	195230	Advertência contra a preguiça	
PRO	6	12	195276	Advertência contra a maldade	
PRO	6	20	195330	Advertência contra a mulher adúltera	
PRO	7	1	195477	Mais advertências contra a mulher adúltera	
PRO	8	1	195711	A excelência da Sabedoria	
PRO	8	22	195882	A eternidade da Sabedoria	
PRO	9	1	196019	O banquete da Sabedoria	
PRO	9	13	196093	O convite da mulher-loucura	
PRO	10	1	196176	O justo em contraste com o perverso	
PRO	22	17	199288	Preceitos e admoestações dos sábios	
PRO	24	23	199914	Mais alguns provérbios dos sábios	
PRO	25	1	200041	Símiles e lições morais	
PRO	28	1	200731	Provérbios antitéticos	
PRO	30	1	201210	As palavras de Agur	
PRO	31	1	201514	Conselhos para o rei Lemuel	
PRO	31	11	201605	O louvor da mulher virtuosa	
PSA	1	1	170379	Os justos e os ímpios	
PSA	2	1	170425	O reinado do Ungido de Deus	
PSA	3	2	170558	Salmo de Davi quando fugia de Absalão, seu filho	
PSA	4	1	170626	Confiança em Deus, na angústia	
PSA	5	1	170733	Proteção contra os ímpios	
PSA	9	2	171268	Ações de graças	
PSA	10	2	171451	A derrubada dos ímpios	
PSA	11	1	171622	O Senhor é forte refúgio	
PSA	11	1	171626	Ao mestre de canto. Salmo de Davi	
PSA	12	1	171711	Auxílio contra a falsidade	
PSA	13	1	171783	Oração de fé	
PSA	13	1	171787	Ao mestre de canto. Salmo de  Davi	
PSA	14	1	171882	Ao mestre de canto. Salmo de Davi	
PSA	15	2	171944	O cidadão dos céus	
PSA	15	2	171948	Salmo de Davi	
PSA	16	1	172029	O Santo de Deus	
PSA	16	1	172033	Hino de Davi	
PSA	16	6	172071	O  SENHOR  é  a  porção  da  minha  herança  e  o  meu	
PSA	17	1	172123	Súplica pela proteção divina	
PSA	17	1	172127	Oração de Davi	
PSA	18	1	172276	Vitória e domínio	
PSA	19	1	172733	Ao mestre de canto. Salmo de Davi	
PSA	20	1	172872	Oração a favor do rei	
PSA	20	1	172876	Ao mestre de canto. Salmo de Davi	
PSA	21	1	172983	Ações de graças pela vitória	
PSA	21	1	172987	Ao mestre de canto. Salmo de Davi	
PSA	22	1	173106	Sofrimento e vitória do Messias	
PSA	23	1	173365	O Senhor é o meu pastor	
PSA	23	1	173369	Salmo de Davi	
PSA	24	1	173448	A vinda do Rei da Glória	
PSA	24	1	173452	Salmo de Davi	
PSA	25	1	173520	Oração por auxílio divino	
PSA	25	1	173524	De Davi	
PSA	26	1	173752	Apelo do justo	
PSA	26	1	173756	Salmo de Davi	
PSA	27	1	173836	Anelo pela presença de Deus	
PSA	27	1	173840	Salmo de Davi	
PSA	28	1	173981	Súplica e ações de graças	
PSA	28	1	173985	Salmo de Davi	
PSA	29	1	174096	A voz de Deus na tempestade	
PSA	29	1	174100	Salmo de Davi	
PSA	30	1	174209	Salmo de Davi. Cântico da dedicação da casa	
PSA	31	1	174305	Lamentos e louvor	
PSA	31	1	174309	Ao mestre de canto. Salmo de Davi	
PSA	32	1	174577	De Davi. Salmo didático	
PSA	33	1	174700	Louvor ao Criador e Preservador	
PSA	34	1	174879	Provai que o Senhor é bom!	
PSA	34	1	174883	Salmo de Davi, quando se fingiu amalucado na presença de	
PSA	34	1	174885	Abimeleque e, por este expulso, ele se foi	
PSA	35	1	175064	Castigo dos adversários	
PSA	35	1	175068	Salmo de Davi	
PSA	36	1	175358	Ao mestre de canto. De Davi, servo do Senhor	
PSA	37	1	175487	Salmo de Davi	
PSA	38	2	175823	Arrependimento do pecador	
PSA	38	2	175827	Salmo de Davi. Em memória	
PSA	39	1	176032	A vaidade da vida	
PSA	40	1	176199	Oração para livramento	
PSA	40	1	176203	Vs. 13-17: Salmo 70.1-5	
PSA	40	1	176207	Ao mestre de canto. Salmo de Davi	
PSA	41	1	176398	Ao mestre de canto. Salmo de Davi	
PSA	42	1	176537	A alma anela por Deus	
PSA	42	1	176541	Ao mestre de canto. Salmo didático dos filhos de Corá	
PSA	43	1	176682	Desejos pelo santuário	
PSA	44	1	176767	Apelo por auxílio divino	
PSA	45	1	177004	O Ungido de Deus e a sua noiva	
PSA	45	1	177014	Corá. Salmo didático. Cântico de amor	
PSA	46	1	177179	Deus é o nosso refúgio e fortaleza	
PSA	47	1	177296	Deus, o Rei da terra	
PSA	47	1	177300	Ao mestre de canto. Salmo dos filhos de Corá	
PSA	48	1	177364	A cidade de Deus	
PSA	48	1	177368	Cântico. Salmo dos filhos de Corá	
PSA	49	1	177505	A vaidade do homem	
PSA	49	1	177509	Ao mestre de canto. Salmo dos filhos de Corá	
PSA	50	1	177678	A essência do culto a Deus	
PSA	50	1	177682	Salmo de Asafe	
PSA	51	2	177912	Confissão e arrependimento	
PSA	52	1	178095	Condenação do ímpio	
PSA	54	1	178292	Apelo para o socorro divino	
PSA	55	1	178393	Que os traidores sejam destruídos	
PSA	56	1	178614	Conforto na perseguição	
PSA	57	1	178751	Louvor pela benignidade divina	
PSA	57	1	178755	Vs. 7-11: Salmo 108.1-5	
PSA	57	1	178763	Davi, quando fugia de Saul, na caverna	
PSA	58	1	178884	A sorte dos ímpios	
PSA	59	1	178976	Súplica em prol de libertação	
PSA	60	2	179194	Oração em tempos de guerra	
PSA	60	2	179198	Vs. 5-12: Salmo 108.6-13	
PSA	60	2	179206	Hino de Davi para ensinar. Quando lutou contra os siros da	
PSA	61	1	179294	Oração pelo rei	
PSA	62	1	179397	Exortação à confiança	
PSA	63	2	179536	Buscando a Deus	
PSA	63	2	179542	Salmo de Davi, quando no deserto de Judá	
PSA	64	1	179661	Proteção contra os inimigos	
PSA	64	1	179665	Ao mestre de canto. Salmo de Davi	
PSA	65	1	179749	Ao mestre de canto. De Davi. Cântico	
PSA	66	1	179880	Ofertas de gratidão	
PSA	66	1	179884	Ao mestre de canto. Cântico. Salmo	
PSA	67	1	180053	As nações rendem graças	
PSA	68	1	180150	Ao mestre de canto. Salmo de Davi. Cântico	
PSA	69	1	180486	O lamento do Messias	
PSA	70	1	180816	Petição por auxílio divino	Salmo 40.13-17
PSA	70	1	180824	Ao mestre de canto. De Davi. Em memória	
PSA	71	1	180872	Súplicas de um ancião	
PSA	72	1	181120	O rei justo e o seu reinado eterno	
PSA	72	1	181124	Salmo de Salomão	
PSA	73	1	181325	Salmo de Asafe	
PSA	74	1	181569	Lamento por causa da profanação	
PSA	74	1	181573	Salmo didático de Asafe	
PSA	75	1	181800	Deus é juiz	
PSA	75	1	181808	Asafe. Cântico	
PSA	76	1	181909	A majestade e o poder de Deus	
PSA	76	1	181915	Cântico	
PSA	78	1	182213	Salmo didático de Asafe	
PSA	79	1	182794	Salmo de Asafe	
PSA	80	1	182927	Pedindo restaurações	
PSA	80	1	182935	Asafe. Salmo	
PSA	81	1	183104	Exortação a louvor e obediência	
PSA	82	1	183259	Salmo de Asafe	
PSA	83	1	183358	Cântico. Salmo de Asafe	
PSA	84	1	183511	Saudades do templo	
PSA	85	1	183642	Pede-se o perdão de Deus	
PSA	85	1	183646	Ao mestre de canto. Salmo dos filhos de Corá	
PSA	86	1	183767	Súplica e confiança	
PSA	86	1	183771	Oração de Davi	
PSA	87	1	183930	Jerusalém, amada de Deus	
PSA	87	1	183934	Salmo dos filhos de Corá. Cântico	
PSA	88	1	183986	Lamentação de um atribulado	
PSA	89	1	184161	Salmo didático de Etã, ezraíta	
PSA	90	1	184624	A eternidade de Deus e a transitoriedade do homem	
PSA	90	1	184626	Oração de Moisés, homem de Deus	
PSA	91	1	184785	Sob a sombra do Altíssimo	
PSA	92	1	184936	Hino de gratidão a Deus	
PSA	92	1	184940	Salmo. Cântico para o dia de sábado	
PSA	93	1	185075	O poder e a majestade de Deus	
PSA	94	1	185117	Apelo para a justiça de Deus	
PSA	95	1	185314	Convite a louvar o Senhor	
PSA	97	1	185552	A majestade e o domínio de Deus	
PSA	98	1	185673	A justiça do Senhor	
PSA	99	1	185745	A santidade de Deus	
PSA	100	1	185846	Hino de ingresso ao templo	
PSA	100	1	185850	Salmo de ações de graças	
PSA	101	1	185890	Modelo de bom rei	
PSA	101	1	185894	Salmo de Davi	
PSA	102	1	186011	Arrependimento e esperança	
PSA	103	1	186242	A misericórdia de Deus	
PSA	103	1	186246	Salmo de Davi	
PSA	104	1	186458	Louvor ao Deus criador	
PSA	106	1	187116	Vs. 47-48: 1 Crônicas 16.35-36	
PSA	107	1	187547	Deus salva de todas as tribulações	
PSA	108	1	187879	Deus concede vitória ao seu povo	Salmo 57.7-11; Vs. 6-13: Salmo 60.5-12
PSA	108	1	187887	Cântico. Salmo de Davi	
PSA	109	1	188004	Imprecações contra os inimigos	
PSA	109	1	188008	Ao mestre de canto. Salmo de Davi	
PSA	110	1	188253	O reino e o sacerdócio do Messias	
PSA	110	1	188257	Salmo de Davi	
PSA	111	1	188356	As obras magníficas de Deus	
PSA	114	1	188593	As maravilhas do êxodo	
PSA	115	1	188682	Honras somente a Deus	
PSA	116	1	188843	Salmo de ações de graças	
PSA	118	1	189034	A alegria dos justos pelo Salvador	
PSA	119	1	189290	Excelência da lei divina	
PSA	120	1	190755	Contra as más línguas	
PSA	120	1	190759	Cântico de romagem	
PSA	121	1	190817	Deus, o fiel guarda dos homens	
PSA	121	1	190854	Cântico de romagem	
PSA	122	1	190910	Oração pela paz de Jerusalém	
PSA	122	1	190914	Cântico de romagem. De Davi	
PSA	123	1	191015	Solicitude por auxílio divino	
PSA	123	1	191019	Cântico de romagem	
PSA	124	1	191067	Deus, nosso protetor e libertador	
PSA	124	1	191071	Cântico de romagem. De Davi	
PSA	125	1	191131	Fé inabalável	
PSA	125	1	191135	Cântico de romagem	
PSA	126	1	191216	Consolo para os que choram	
PSA	126	1	191220	Cântico de romagem	
PSA	127	1	191270	Todo bem procede de Deus	
PSA	127	1	191274	Cântico de romagem. De Salomão	
PSA	128	1	191351	Temor de Deus e felicidade no lar	
PSA	128	1	191355	Cântico de romagem	
PSA	129	1	191401	Recordação de libertações	
PSA	129	1	191405	Cântico de romagem	
PSA	130	1	191467	Das profundezas clamo ao Senhor	
PSA	130	1	191471	Cântico de romagem	
PSA	131	2	191558	Calma em Deus	
PSA	131	2	191562	Cântico de romagem. De Davi	
PSA	132	2	191594	Uma promessa antiga	
PSA	132	2	191598	Cântico de romagem	
PSA	133	1	191755	A excelência da união fraternal	
PSA	133	1	191759	Cântico de romagem. De Davi	
PSA	134	1	191820	Convocando ao culto vespertino	
PSA	134	1	191824	Cântico de romagem	
PSA	135	1	191856	Louvores a Deus	
PSA	136	1	192023	A misericórdia de Deus	
PSA	137	1	192222	Saudades da pátria	
PSA	138	1	192323	Graças a Deus por sua fidelidade	
PSA	138	1	192327	Salmo de Davi	
PSA	139	2	192391	Deus onisciente e onipotente	
PSA	139	2	192395	Ao mestre de canto. Salmo de Davi	
PSA	140	1	192633	Contra inimigos e perfídias	
PSA	140	1	192637	Ao mestre de canto. Salmo de Davi	
PSA	141	1	192772	Salmo de Davi	
PSA	142	1	192864	Oração no meio de grande perigo	
PSA	143	1	192963	Súplica por libertação	
PSA	143	1	192967	Salmo de Davi	
PSA	144	1	193106	Salmo de Davi	
PSA	145	1	193269	Louvores de Davi	
PSA	147	1	193508	Louvor ao Deus Todo-Poderoso	
PSA	148	1	193673	Um coro de aleluias	
PSA	149	1	193808	Os fiéis louvam a Deus	
PSA	150	1	193901	Doxologia final	
REV	1	1	367091	O título, o autor e o assunto do livro	
REV	1	4	367117	Dedicatória às sete igrejas da Ásia	
REV	1	9	367175	A visão de Jesus glorificado	
REV	2	1	367314	Carta à igreja em Éfeso	
REV	2	8	367407	Carta à igreja em Esmirna	
REV	2	12	367443	Carta à igreja em Pérgamo	
REV	2	18	367519	Carta à igreja em Tiatira	
REV	3	1	367662	Carta à igreja em Sardes	
REV	3	7	367757	Carta à igreja em Filadélfia	
REV	3	14	367823	Carta à igreja em Laodiceia	
REV	4	1	367936	A visão do trono de Deus	
REV	5	1	368103	A visão do livro selado com sete selos e a do Cordeiro	
REV	6	1	368268	O Cordeiro abre os selos. O primeiro selo	
REV	6	3	368292	O segundo selo	
REV	6	5	368312	O terceiro selo	
REV	6	7	368371	O quarto selo	
REV	6	9	368393	O quinto selo	
REV	6	12	368441	O sexto selo	
REV	7	1	368544	Os cento e quarenta e quatro mil selados de Israel	
REV	7	9	368610	A visão dos glorificados	
REV	8	1	368755	O sétimo selo. Os sete anjos com as suas trombetas	
REV	8	7	368803	A primeira trombeta	
REV	8	8	368817	A segunda trombeta	
REV	8	10	368841	A terceira trombeta	
REV	8	12	368902	A quarta trombeta	
REV	9	1	368930	A quinta trombeta	
REV	9	13	369081	A sexta trombeta	
REV	10	1	369179	Os anjos e os sete trovões. João e o livrinho	
REV	11	1	369348	Ordens para medir o santuário de Deus	
REV	11	3	369397	As duas testemunhas mártires	
REV	11	15	369533	A sétima trombeta	
REV	12	1	369632	A mulher e o dragão	
REV	12	7	369684	Cristo e do seu povo	
REV	12	13	369785	O dragão persegue a mulher	
REV	13	1	369855	A besta que emerge do mar	
REV	13	11	369976	A besta que emerge da terra	
REV	14	6	370151	A primeira voz	
REV	14	8	370169	A segunda voz	
REV	14	9	370181	A terceira voz	
REV	14	13	370252	A quarta voz	
REV	14	14	370266	A ceifa	
REV	14	17	370298	A vindima	
REV	15	1	370383	Os sete flagelos	
REV	15	2	370395	Cordeiro	
REV	15	5	370439	Deus envia os flagelos	
REV	16	1	370479	O primeiro flagelo	
REV	16	3	370505	O terceiro flagelo	
REV	16	8	370586	O quarto flagelo	
REV	16	10	370606	O quinto flagelo	
REV	16	12	370626	O sexto flagelo	
REV	16	17	370678	O sétimo flagelo	
REV	17	1	370773	A descrição da grande meretriz	
REV	18	1	370984	O anúncio da queda de Babilônia	
REV	19	1	371334	O júbilo no céu	
REV	19	11	371463	Cristo, o vencedor da besta e do falso profeta	
REV	20	7	371699	Satanás é solto e derrotado	
REV	20	11	371743	O juízo de Deus	
REV	21	1	371795	O novo céu e a nova terra	
REV	21	9	371902	A nova Jerusalém	
REV	22	18	372306	A conclusão do livro	
REV	22	21	372383	A bênção	
ROM	1	1	333821	Prefácio e saudação	
ROM	1	18	334004	A idolatria e depravação dos homens	
ROM	2	17	334356	Os judeus são indesculpáveis	
ROM	2	25	334406	O verdadeiro israelita	
ROM	3	1	334483	Paulo responde a objeções	
ROM	3	9	334553	Todos os homens na condição de pecadores	
ROM	3	19	334654	O judeu não constitui exceção	
ROM	3	21	334674	A justificação pela fé em Jesus Cristo	
ROM	4	1	334807	Abraão justificado pela fé	
ROM	5	1	335094	A justificação pela fé e paz com Deus	
ROM	5	12	335231	Adão e Cristo	
ROM	6	1	335390	Livres do pecado pela graça	
ROM	6	15	335535	A lei, a escravidão e a graça	
ROM	7	1	335652	A analogia do casamento	
ROM	7	7	335724	A lei e o pecado	
ROM	8	1	335929	Nenhuma condenação. O pendor do Espírito	
ROM	8	12	336078	Filhos e herdeiros	
ROM	8	18	336165	Os sofrimentos do presente e as glórias do porvir	
ROM	8	26	336231	A intercessão do Espírito	
ROM	9	1	336396	Paulo e a incredulidade dos judeus	
ROM	9	19	336593	A soberania de Deus	
ROM	9	30	336726	Israel é responsável pela sua rejeição	
ROM	11	1	337002	O futuro de Israel	
ROM	11	11	337127	A rejeição de Israel não é final	
ROM	11	33	337360	A maravilhosa sabedoria dos desígnios divinos	
ROM	12	1	337394	A nova vida	
ROM	12	3	337447	O devido uso de dons espirituais	
ROM	12	9	337523	As virtudes recomendadas	
ROM	13	1	337654	Da obediência às autoridades	
ROM	13	8	337738	O amor ao próximo é o cumprimento da lei	
ROM	13	11	337797	O dia está próximo	
ROM	14	1	337843	A tolerância para com os fracos na fé	
ROM	14	13	337974	A liberdade e a caridade	
ROM	15	14	338247	A explicação de Paulo	
ROM	15	22	338366	Os planos de Paulo	
ROM	15	30	338477	Paulo pede as orações	
ROM	16	1	338513	Paulo recomenda a Febe	
ROM	16	3	338531	As saudações pessoais	
ROM	16	17	338658	As admoestações	
ROM	16	21	338710	As saudações dos companheiros	
ROM	16	25	338748	A doxologia	
RUT	1	1	85682	Noemi e Rute	
RUT	2	1	85931	Rute vai rebuscar espigas	
RUT	2	8	86032	Boaz fala a Rute benignamente	
RUT	3	1	86249	Rute e Boaz na eira	
RUT	4	1	86456	Boaz casa com Rute	
RUT	4	13	86635	Rute dá à luz Obede	
SNG	1	2	204616	Primeiro cântico	
SNG	1	2	204620	Esposa	
SNG	1	5	204668	Esposa	
SNG	1	8	204714	Esposo	
SNG	1	12	204746	Esposa	
SNG	1	15	204799	Esposo	
SNG	1	16	204807	Esposa	
SNG	2	2	204831	Esposo	
SNG	2	3	204839	Esposa	
SNG	2	8	204883	Segundo cântico	
SNG	2	11	204905	Esposo	
SNG	2	15	204982	Esposa	
SNG	3	6	205048	Terceiro cântico	
SNG	4	1	205149	Esposo	
SNG	4	6	205197	Esposa	
SNG	4	7	205207	Esposo	
SNG	4	16	205320	Esposa	
SNG	5	1	205336	Esposo	
SNG	5	2	205356	Quarto cântico	
SNG	5	2	205360	Esposa	
SNG	5	3	205368	Esposo	
SNG	5	3	205388	Esposa	
SNG	5	10	205489	Esposa	
SNG	6	2	205600	Esposa	
SNG	6	4	205620	Quinto cântico	
SNG	6	4	205624	Esposo	
SNG	6	11	205682	Esposa	
SNG	7	1	205753	Esposo	
SNG	7	10	205831	Esposa	
SNG	8	5	205942	Sexto cântico	
SNG	8	6	205954	Esposo	
SNG	8	10	206018	Esposa	
SNG	8	12	206040	Esposa	
SNG	8	13	206089	Esposo	
SNG	8	14	206103	Esposa	
TIT	1	1	356856	Prefácio e saudação	
TIT	1	5	356896	Deveres e qualificações dos ministros	
TIT	2	1	357061	Os deveres das várias classes de pessoas crentes	
TIT	3	12	357391	A bênção	
ZEC	1	1	275404	Exortação ao arrependimento	
ZEC	1	7	275466	A primeira visão: os cavalos	
ZEC	2	1	275657	A terceira visão: Jerusalém é medida	
ZEC	2	6	275730	Israel exortado a voltar para Sião	
ZEC	3	1	275812	A quarta visão: o sumo sacerdote Josué	
ZEC	5	1	276106	A sexta visão: o rolo voante	
ZEC	5	5	276142	A sétima visão: a mulher e o efa	
ZEC	6	1	276245	A oitava visão: os quatro carros	
ZEC	6	9	276313	A coroação de Josué. O Renovo	
ZEC	7	1	276416	O jejum que não agrada a Deus	
ZEC	8	1	276621	Sião restaurada	
ZEC	9	1	276933	O castigo de diversos povos	
ZEC	9	9	277011	O Rei vem de Sião	
ZEC	10	1	277164	Deus abençoará Judá e Israel	
ZEC	11	4	277367	A parábola do bom pastor	
ZEC	11	15	277518	A parábola do pastor insensato	
ZEC	12	1	277585	A salvação de Jerusalém	
ZEC	13	1	277784	Eliminados os ídolos e os falsos profetas	
ZEC	13	7	277842	Ferido o pastor de Deus	
ZEC	14	1	277913	O juízo sobre Jerusalém e seus opressores	
ZEC	14	16	278120	A glória futura da cidade de Deus	
ZEP	1	1	274107	Ameaças contra Judá e Jerusalém	
ZEP	1	7	274175	O dia da ira do Senhor	
ZEP	2	1	274334	Ameaças contra os filisteus	
ZEP	2	8	274443	Ameaças contra Moabe e Amom	
ZEP	2	12	274495	Ameaças contra a Etiópia e a Assíria	
ZEP	3	1	274551	Ameaças contra Jerusalém	
ZEP	3	8	274658	A salvação da filha de Jerusalém	
